timestamp,return
2026-04-08 23:00:00+00:00,0.0
2026-04-09 00:00:00+00:00,3.168403036579548e-06
2026-04-09 01:00:00+00:00,0.0006744179434473349
2026-04-09 02:00:00+00:00,5.673408670285927e-05
2026-04-09 03:00:00+00:00,-0.0005072407032701148
2026-04-09 04:00:00+00:00,-0.0004826474234651794
2026-04-09 05:00:00+00:00,0.0007230442370562823
2026-04-09 06:00:00+00:00,0.00038377657312775663
2026-04-09 07:00:00+00:00,-0.00040878378398371336
2026-04-09 08:00:00+00:00,0.0006760209689135775
2026-04-09 09:00:00+00:00,0.001618018136048959
2026-04-09 10:00:00+00:00,-0.0001582097075605197
2026-04-09 11:00:00+00:00,-0.00010826587599099194
2026-04-09 12:00:00+00:00,0.0007079689149690309
2026-04-09 13:00:00+00:00,-0.002197312530465534
2026-04-09 14:00:00+00:00,0.0003954180292901694
2026-04-09 15:00:00+00:00,0.00516376830755742
2026-04-09 16:00:00+00:00,-4.977946498445431e-05
2026-04-09 17:00:00+00:00,0.002479140766527237
2026-04-09 18:00:00+00:00,-0.001767854414516955
2026-04-09 19:00:00+00:00,0.0020794152755757803
2026-04-09 20:00:00+00:00,-0.0003077899937366764
2026-04-09 21:00:00+00:00,-0.0011642077620024846
2026-04-09 22:00:00+00:00,-0.00047747590530823576
2026-04-09 23:00:00+00:00,-0.001726193045180812
2026-04-10 00:00:00+00:00,0.00026037814542261196
2026-04-10 01:00:00+00:00,-0.00027365961584573686
2026-04-10 02:00:00+00:00,-0.0009413797111284091
2026-04-10 03:00:00+00:00,-0.0003074061711235089
2026-04-10 04:00:00+00:00,-6.684797798610217e-05
2026-04-10 05:00:00+00:00,0.0005013933520270722
2026-04-10 06:00:00+00:00,-0.0008619643822757158
2026-04-10 07:00:00+00:00,-0.0008092067341685307
2026-04-10 08:00:00+00:00,0.0010050968031828417
2026-04-10 09:00:00+00:00,0.0009858257638947039
2026-04-10 10:00:00+00:00,-0.0008262765422927488
2026-04-10 11:00:00+00:00,0.001545328993584061
2026-04-10 12:00:00+00:00,0.00015012434301090968
2026-04-10 13:00:00+00:00,-0.00037525452268877453
2026-04-10 14:00:00+00:00,0.003862401472619145
2026-04-10 15:00:00+00:00,-0.003041468478594951
2026-04-10 16:00:00+00:00,0.0021255206111572855
2026-04-10 17:00:00+00:00,0.0012143835448198694
2026-04-10 18:00:00+00:00,0.001470446419770781
2026-04-10 19:00:00+00:00,0.00038869384085158824
2026-04-10 20:00:00+00:00,0.0001279552057084739
2026-04-10 21:00:00+00:00,-0.0009678938698424167
2026-04-10 22:00:00+00:00,-0.0002768144477122057
2026-04-10 23:00:00+00:00,-0.00038832287736962105
2026-04-11 00:00:00+00:00,-0.0003378032440054953
2026-04-11 01:00:00+00:00,0.0001824753925425303
2026-04-11 02:00:00+00:00,0.00021284911823997226
2026-04-11 03:00:00+00:00,0.00035467303855625347
2026-04-11 04:00:00+00:00,-0.00028701447301222475
2026-04-11 05:00:00+00:00,-0.00011483874958812031
2026-04-11 06:00:00+00:00,0.00010133994621271723
2026-04-11 07:00:00+00:00,7.430843014382276e-05
2026-04-11 08:00:00+00:00,-8.443512364905664e-05
2026-04-11 09:00:00+00:00,0.0002871036620401771
2026-04-11 10:00:00+00:00,-0.0003984530393878056
2026-04-11 11:00:00+00:00,-5.067100010564366e-05
2026-04-11 12:00:00+00:00,0.00039187559087866986
2026-04-11 13:00:00+00:00,-0.0006044676994430292
2026-04-11 14:00:00+00:00,-2.02737419543892e-05
2026-04-11 15:00:00+00:00,0.0003615557282731839
2026-04-11 16:00:00+00:00,0.0005809823281464346
2026-04-11 17:00:00+00:00,0.00014516124591795358
2026-04-11 18:00:00+00:00,0.0007543323077294874
2026-04-11 19:00:00+00:00,0.00033122401297796443
2026-04-11 20:00:00+00:00,-0.0006377625552983136
2026-04-11 21:00:00+00:00,-1.406325510642991e-06
2026-04-11 22:00:00+00:00,9.094251091827163e-06
2026-04-11 23:00:00+00:00,-1.6893971422113908e-05
2026-04-12 00:00:00+00:00,0.0
2026-04-12 01:00:00+00:00,-0.0010490352527383338
2026-04-12 02:00:00+00:00,0.0017923729239386645
2026-04-12 03:00:00+00:00,-0.0009062184311611457
2026-04-12 04:00:00+00:00,-0.0003628161631586358
2026-04-12 05:00:00+00:00,0.0004688076350672892
2026-04-12 06:00:00+00:00,-0.00047362653764293353
2026-04-12 07:00:00+00:00,-0.00018935580870601637
2026-04-12 08:00:00+00:00,-0.0003998079874632413
2026-04-12 09:00:00+00:00,0.0
2026-04-12 10:00:00+00:00,0.0
2026-04-12 11:00:00+00:00,0.0
2026-04-12 12:00:00+00:00,0.0
2026-04-12 13:00:00+00:00,0.0
2026-04-12 14:00:00+00:00,0.0
2026-04-12 15:00:00+00:00,0.0
2026-04-12 16:00:00+00:00,0.0
2026-04-12 17:00:00+00:00,0.0
2026-04-12 18:00:00+00:00,0.0
2026-04-12 19:00:00+00:00,0.0
2026-04-12 20:00:00+00:00,0.0
2026-04-12 21:00:00+00:00,0.0
2026-04-12 22:00:00+00:00,0.0
2026-04-12 23:00:00+00:00,0.0
2026-04-13 00:00:00+00:00,0.0
2026-04-13 01:00:00+00:00,0.0
2026-04-13 02:00:00+00:00,0.0
2026-04-13 03:00:00+00:00,0.0
2026-04-13 04:00:00+00:00,0.0
2026-04-13 05:00:00+00:00,0.0
2026-04-13 06:00:00+00:00,0.0
2026-04-13 07:00:00+00:00,0.0
2026-04-13 08:00:00+00:00,0.0
2026-04-13 09:00:00+00:00,0.0
2026-04-13 10:00:00+00:00,0.0
2026-04-13 11:00:00+00:00,0.0
2026-04-13 12:00:00+00:00,0.0
2026-04-13 13:00:00+00:00,0.0
2026-04-13 14:00:00+00:00,0.0
2026-04-13 15:00:00+00:00,0.0
2026-04-13 16:00:00+00:00,0.0
2026-04-13 17:00:00+00:00,0.0
2026-04-13 18:00:00+00:00,0.0
2026-04-13 19:00:00+00:00,0.0
2026-04-13 20:00:00+00:00,-0.001959076051200283
2026-04-13 21:00:00+00:00,-0.000666613470434216
2026-04-13 22:00:00+00:00,0.0
2026-04-13 23:00:00+00:00,-0.0014789192408929742
2026-04-14 00:00:00+00:00,-0.002635812494306488
2026-04-14 01:00:00+00:00,0.0016639715615956088
2026-04-14 02:00:00+00:00,0.001509201457587951
2026-04-14 03:00:00+00:00,0.001008231868201082
2026-04-14 04:00:00+00:00,-0.001559560816363715
2026-04-14 05:00:00+00:00,-0.0020392736593236654
2026-04-14 06:00:00+00:00,0.0022064812832175698
2026-04-14 07:00:00+00:00,-0.0013990612022493605
2026-04-14 08:00:00+00:00,-0.0006663539759171072
2026-04-14 09:00:00+00:00,-0.00023479433198391893
2026-04-14 10:00:00+00:00,0.0
2026-04-14 11:00:00+00:00,-0.0016088538631284053
2026-04-14 12:00:00+00:00,-0.0009300966058195652
2026-04-14 13:00:00+00:00,-0.000666341815414618
2026-04-14 14:00:00+00:00,-0.004019740267421083
2026-04-14 15:00:00+00:00,0.004668166978717719
2026-04-14 16:00:00+00:00,-0.004807068954842058
2026-04-14 17:00:00+00:00,-0.0006658697907493662
2026-04-14 18:00:00+00:00,-1.1613559108845288e-05
2026-04-14 19:00:00+00:00,-1.831603710293895e-06
2026-04-14 20:00:00+00:00,-0.00013388793912897867
2026-04-14 21:00:00+00:00,0.001027242118286172
2026-04-14 22:00:00+00:00,-0.0008062905516106979
2026-04-14 23:00:00+00:00,-0.0001907315517925175
2026-04-15 00:00:00+00:00,0.0015163605269158805
2026-04-15 01:00:00+00:00,0.0012698606817686036
2026-04-15 02:00:00+00:00,-0.0016584810055691678
2026-04-15 03:00:00+00:00,4.397389766860185e-05
2026-04-15 04:00:00+00:00,-0.00039574767644867757
2026-04-15 05:00:00+00:00,-0.001026681624492716
2026-04-15 06:00:00+00:00,0.0004532582832750131
2026-04-15 07:00:00+00:00,-0.0024782218698046156
2026-04-15 08:00:00+00:00,0.0028825832930260116
2026-04-15 09:00:00+00:00,0.0012999885166237691
2026-04-15 10:00:00+00:00,0.0016627360361685664
2026-04-15 11:00:00+00:00,0.0030584488105733117
2026-04-15 12:00:00+00:00,-0.001858945013448192
2026-04-15 13:00:00+00:00,0.0010334088320476727
2026-04-15 14:00:00+00:00,-0.0005445320443286544
2026-04-15 15:00:00+00:00,0.0006242829095087762
2026-04-15 16:00:00+00:00,0.0019057108208946913
2026-04-15 17:00:00+00:00,0.0008151797121563856
2026-04-15 18:00:00+00:00,0.0010633955435088718
2026-04-15 19:00:00+00:00,0.003156055008441626
2026-04-15 20:00:00+00:00,-0.0017509092566627836
2026-04-15 21:00:00+00:00,-0.00017780378839626787
2026-04-15 22:00:00+00:00,0.0007503163703779551
2026-04-15 23:00:00+00:00,-0.0010946796835039955
2026-04-16 00:00:00+00:00,0.0004214920462814568
2026-04-16 01:00:00+00:00,-0.0005639132077832707
2026-04-16 02:00:00+00:00,0.0011416145242211064
2026-04-16 03:00:00+00:00,-2.8829496865142774e-05
2026-04-16 04:00:00+00:00,-0.00020242463136292414
2026-04-16 05:00:00+00:00,0.0001023587053601538
2026-04-16 06:00:00+00:00,-8.861337766911207e-06
2026-04-16 07:00:00+00:00,0.0
2026-04-16 08:00:00+00:00,0.0
2026-04-16 09:00:00+00:00,0.0
2026-04-16 10:00:00+00:00,0.0
2026-04-16 11:00:00+00:00,0.0
2026-04-16 12:00:00+00:00,0.0
2026-04-16 13:00:00+00:00,0.0
2026-04-16 14:00:00+00:00,0.0
2026-04-16 15:00:00+00:00,0.0
2026-04-16 16:00:00+00:00,0.0
2026-04-16 17:00:00+00:00,0.0
2026-04-16 18:00:00+00:00,0.0
2026-04-16 19:00:00+00:00,6.72523236611141e-05
2026-04-16 20:00:00+00:00,-0.002044165426752808
2026-04-16 21:00:00+00:00,-0.002069361342914181
2026-04-16 22:00:00+00:00,0.0008210400679039744
2026-04-16 23:00:00+00:00,0.002482134581200244
2026-04-17 00:00:00+00:00,-0.002392057018459492
2026-04-17 01:00:00+00:00,-0.0023241762334730927
2026-04-17 02:00:00+00:00,-0.0006654407067545605
2026-04-17 03:00:00+00:00,0.0
2026-04-17 04:00:00+00:00,0.0
2026-04-17 05:00:00+00:00,0.0
2026-04-17 06:00:00+00:00,0.0
2026-04-17 07:00:00+00:00,0.0
2026-04-17 08:00:00+00:00,0.0
2026-04-17 09:00:00+00:00,0.0
2026-04-17 10:00:00+00:00,0.0
2026-04-17 11:00:00+00:00,0.0
2026-04-17 12:00:00+00:00,0.0
2026-04-17 13:00:00+00:00,0.0
2026-04-17 14:00:00+00:00,0.0001834435431700105
2026-04-17 15:00:00+00:00,-0.0005389531355130529
2026-04-17 16:00:00+00:00,0.0023436363529676153
2026-04-17 17:00:00+00:00,-0.003890030390070792
2026-04-17 18:00:00+00:00,-0.002139563019301132
2026-04-17 19:00:00+00:00,0.00164454266601941
2026-04-17 20:00:00+00:00,-0.0004987876210134225
2026-04-17 21:00:00+00:00,-0.0006662969459916852
2026-04-17 22:00:00+00:00,0.0
2026-04-17 23:00:00+00:00,0.0
2026-04-18 00:00:00+00:00,0.0
2026-04-18 01:00:00+00:00,0.0003477913043479721
2026-04-18 02:00:00+00:00,-0.0008484813030963704
2026-04-18 03:00:00+00:00,-0.00410102349573737
2026-04-18 04:00:00+00:00,-0.0006657289686195872
2026-04-18 05:00:00+00:00,0.0
2026-04-18 06:00:00+00:00,0.0
2026-04-18 07:00:00+00:00,0.0
2026-04-18 08:00:00+00:00,0.00020509644893828983
2026-04-18 09:00:00+00:00,-0.0001821665217470728
2026-04-18 10:00:00+00:00,-0.0008671173769099725
2026-04-18 11:00:00+00:00,-0.00030256342845002415
2026-04-18 12:00:00+00:00,0.0003499448446573485
2026-04-18 13:00:00+00:00,-0.0002552758244533166
2026-04-18 14:00:00+00:00,0.0002978978413125494
2026-04-18 15:00:00+00:00,-0.00039235170386086405
2026-04-18 16:00:00+00:00,-1.4186953161831526e-05
2026-04-18 17:00:00+00:00,8.039387512760818e-05
2026-04-18 18:00:00+00:00,-0.002057376666519256
2026-04-18 19:00:00+00:00,0.00046744901743063624
2026-04-18 20:00:00+00:00,-0.00021931374921338695
2026-04-18 21:00:00+00:00,0.0016560106297400417
2026-04-18 22:00:00+00:00,-0.0009747549831470089
2026-04-18 23:00:00+00:00,-0.0013898285752653393
2026-04-19 00:00:00+00:00,-0.0010715023476770389
2026-04-19 01:00:00+00:00,-0.0023951167384985445
2026-04-19 02:00:00+00:00,-0.005412592348016017
2026-04-19 03:00:00+00:00,-0.003812024429490858
2026-04-19 04:00:00+00:00,-0.0025070379360504157
2026-04-19 05:00:00+00:00,-0.0013372285561809299
2026-04-19 06:00:00+00:00,-0.0006681256812180843
2026-04-19 07:00:00+00:00,0.0
2026-04-19 08:00:00+00:00,0.0
2026-04-19 09:00:00+00:00,0.0
2026-04-19 10:00:00+00:00,0.0
2026-04-19 11:00:00+00:00,0.0
2026-04-19 12:00:00+00:00,0.0
2026-04-19 13:00:00+00:00,0.0
2026-04-19 14:00:00+00:00,0.0
2026-04-19 15:00:00+00:00,0.0
2026-04-19 16:00:00+00:00,0.0
2026-04-19 17:00:00+00:00,0.0
2026-04-19 18:00:00+00:00,0.0
2026-04-19 19:00:00+00:00,0.0
2026-04-19 20:00:00+00:00,0.0
2026-04-19 21:00:00+00:00,0.0
2026-04-19 22:00:00+00:00,-0.00023139480236152027
2026-04-19 23:00:00+00:00,-0.00015380161365503755
2026-04-20 00:00:00+00:00,-9.975326022116499e-05
2026-04-20 01:00:00+00:00,0.0
2026-04-20 02:00:00+00:00,0.0
2026-04-20 03:00:00+00:00,0.0
2026-04-20 04:00:00+00:00,0.0
2026-04-20 05:00:00+00:00,0.0
2026-04-20 06:00:00+00:00,0.0
2026-04-20 07:00:00+00:00,0.0
2026-04-20 08:00:00+00:00,0.0
2026-04-20 09:00:00+00:00,0.0
2026-04-20 10:00:00+00:00,0.0
2026-04-20 11:00:00+00:00,0.0
2026-04-20 12:00:00+00:00,0.0
2026-04-20 13:00:00+00:00,0.0
2026-04-20 14:00:00+00:00,0.0
2026-04-20 15:00:00+00:00,0.0
2026-04-20 16:00:00+00:00,0.0
2026-04-20 17:00:00+00:00,0.0
2026-04-20 18:00:00+00:00,0.0
2026-04-20 19:00:00+00:00,0.0
2026-04-20 20:00:00+00:00,0.0
2026-04-20 21:00:00+00:00,0.0
2026-04-20 22:00:00+00:00,0.0
2026-04-20 23:00:00+00:00,0.0
2026-04-21 00:00:00+00:00,0.0
2026-04-21 01:00:00+00:00,0.0
2026-04-21 02:00:00+00:00,0.0
2026-04-21 03:00:00+00:00,0.0
2026-04-21 04:00:00+00:00,0.0
2026-04-21 05:00:00+00:00,0.0
2026-04-21 06:00:00+00:00,0.0
2026-04-21 07:00:00+00:00,0.0
2026-04-21 08:00:00+00:00,0.0
2026-04-21 09:00:00+00:00,0.0
2026-04-21 10:00:00+00:00,0.0
2026-04-21 11:00:00+00:00,-0.005270320930232517
2026-04-21 12:00:00+00:00,-0.0006655036971339259
2026-04-21 13:00:00+00:00,0.0
2026-04-21 14:00:00+00:00,0.0
2026-04-21 15:00:00+00:00,0.00022910538121038963
2026-04-21 16:00:00+00:00,1.1113196577483468e-05
2026-04-21 17:00:00+00:00,-0.0004393455289318119
2026-04-21 18:00:00+00:00,0.00016723162153101546
2026-04-21 19:00:00+00:00,-0.0022586516363375247
2026-04-21 20:00:00+00:00,0.0024600729894724764
2026-04-21 21:00:00+00:00,-0.0007684980762782202
2026-04-21 22:00:00+00:00,-0.0003227769477106058
2026-04-21 23:00:00+00:00,0.0033545547085737804
2026-04-22 00:00:00+00:00,0.0014200774870558248
2026-04-22 01:00:00+00:00,-0.00020258053238324686
2026-04-22 02:00:00+00:00,0.009030465335120459
2026-04-22 03:00:00+00:00,-0.0005609215125503851
2026-04-22 04:00:00+00:00,0.0001870787740256876
2026-04-22 05:00:00+00:00,0.0033271294809643056
2026-04-22 06:00:00+00:00,-0.0005081392196077853
2026-04-22 07:00:00+00:00,-0.00024380129151168285
2026-04-22 08:00:00+00:00,0.00016213564353822091
2026-04-22 09:00:00+00:00,1.5200156012613177e-06
2026-04-22 10:00:00+00:00,7.5639557455909535e-06
2026-04-22 11:00:00+00:00,0.00015117595289816237
2026-04-22 12:00:00+00:00,-6.676637652959265e-05
2026-04-22 13:00:00+00:00,2.875200924651181e-05
2026-04-22 14:00:00+00:00,-0.0010047207826743567
2026-04-22 15:00:00+00:00,-0.0011897411391698426
2026-04-22 16:00:00+00:00,-0.005346901710786247
2026-04-22 17:00:00+00:00,0.0
2026-04-22 18:00:00+00:00,0.0
2026-04-22 19:00:00+00:00,0.0
2026-04-22 20:00:00+00:00,0.0
2026-04-22 21:00:00+00:00,0.0
2026-04-22 22:00:00+00:00,0.0
2026-04-22 23:00:00+00:00,-0.0003559937233760108
2026-04-23 00:00:00+00:00,-1.1701620559256256e-05
2026-04-23 01:00:00+00:00,-0.0005641449954885383
2026-04-23 02:00:00+00:00,-0.0012906158895951644
2026-04-23 03:00:00+00:00,0.0006407509484152346
2026-04-23 04:00:00+00:00,0.0004556413240285945
2026-04-23 05:00:00+00:00,0.0006124799507938395
2026-04-23 06:00:00+00:00,-1.569500124935005e-05
2026-04-23 07:00:00+00:00,-0.0009731053503478959
2026-04-23 08:00:00+00:00,-0.00025922383727633935
2026-04-23 09:00:00+00:00,-0.002231843286657053
2026-04-23 10:00:00+00:00,-0.0011631081516946487
2026-04-23 11:00:00+00:00,0.001696850031288357
2026-04-23 12:00:00+00:00,0.0012970711348558033
2026-04-23 13:00:00+00:00,0.001623806513614494
2026-04-23 14:00:00+00:00,0.0012818585437677687
2026-04-23 15:00:00+00:00,0.003425654332030023
2026-04-23 16:00:00+00:00,-0.0018766899464232982
2026-04-23 17:00:00+00:00,-0.0073876572487605666
2026-04-23 18:00:00+00:00,0.00034645362306279947
2026-04-23 19:00:00+00:00,0.003640006590929356
2026-04-23 20:00:00+00:00,0.003863599120278958
2026-04-23 21:00:00+00:00,2.0363646421313363e-05
2026-04-23 22:00:00+00:00,0.0013637272942473948
2026-04-23 23:00:00+00:00,-6.56941628185363e-05
2026-04-24 00:00:00+00:00,0.0030494842489492994
2026-04-24 01:00:00+00:00,-0.0007712866675015273
2026-04-24 02:00:00+00:00,-0.007533953870938474
2026-04-24 03:00:00+00:00,-0.0057505966102693986
2026-04-24 04:00:00+00:00,-0.0021987256965955793
2026-04-24 05:00:00+00:00,0.0006700788879083086
2026-04-24 06:00:00+00:00,0.001443820180796194
2026-04-24 07:00:00+00:00,0.001461452767323106
2026-04-24 08:00:00+00:00,0.006765938367328187
2026-04-24 09:00:00+00:00,-0.010188739629921154
2026-04-24 10:00:00+00:00,0.0032422498768319634
2026-04-24 11:00:00+00:00,0.011700358293883257
2026-04-24 12:00:00+00:00,0.001652149020770834
2026-04-24 13:00:00+00:00,-0.0005970820055441879
2026-04-24 14:00:00+00:00,-0.001060847486222785
2026-04-24 15:00:00+00:00,0.005327161189319016
2026-04-24 16:00:00+00:00,-0.0071566555226818904
2026-04-24 17:00:00+00:00,-0.000591735774614695
2026-04-24 18:00:00+00:00,-0.0011841722663228661
2026-04-24 19:00:00+00:00,0.00321799252323298
2026-04-24 20:00:00+00:00,-0.001055154692205681
2026-04-24 21:00:00+00:00,-0.0021970399768283153
2026-04-24 22:00:00+00:00,-0.005758756773630761
2026-04-24 23:00:00+00:00,0.00042589059842969485
2026-04-25 00:00:00+00:00,-0.0010217023028258373
2026-04-25 01:00:00+00:00,0.004559748138605291
2026-04-25 02:00:00+00:00,0.002714946517118426
2026-04-25 03:00:00+00:00,-0.0009730421472004944
2026-04-25 04:00:00+00:00,0.0011857268109283317
2026-04-25 05:00:00+00:00,-0.00435661501354587
2026-04-25 06:00:00+00:00,0.003186173416533952
2026-04-25 07:00:00+00:00,-0.003176053957843992
2026-04-25 08:00:00+00:00,0.005820076774201962
2026-04-25 09:00:00+00:00,-0.0017739326888181544
2026-04-25 10:00:00+00:00,0.0014385927147334038
2026-04-25 11:00:00+00:00,-0.014069506005459403
2026-04-25 12:00:00+00:00,-0.007652870446921568
2026-04-25 13:00:00+00:00,-0.0011198658071500376
2026-04-25 14:00:00+00:00,-0.00844549610676501
2026-04-25 15:00:00+00:00,-0.004726705675386108
2026-04-25 16:00:00+00:00,-0.0017744430659799443
2026-04-25 17:00:00+00:00,-0.010551764123011238
2026-04-25 18:00:00+00:00,0.00653791060556169
2026-04-25 19:00:00+00:00,-0.0003378247676528075
2026-04-25 20:00:00+00:00,0.003626112577109166
2026-04-25 21:00:00+00:00,0.000385540448778312
2026-04-25 22:00:00+00:00,0.0009359516712354135
2026-04-25 23:00:00+00:00,-0.005818592748485069
2026-04-26 00:00:00+00:00,0.0015403741302891605
2026-04-26 01:00:00+00:00,0.005708235280542494
2026-04-26 02:00:00+00:00,0.0010145295063350762
2026-04-26 03:00:00+00:00,-0.007892136026851387
2026-04-26 04:00:00+00:00,0.009157646799029825
2026-04-26 05:00:00+00:00,0.00959500061964793
2026-04-26 06:00:00+00:00,-0.0036027520878223825
2026-04-26 07:00:00+00:00,0.00922647015007358
2026-04-26 08:00:00+00:00,-0.011860048406681669
2026-04-26 09:00:00+00:00,0.006876373522500842
2026-04-26 10:00:00+00:00,-0.0016142246392045075
2026-04-26 11:00:00+00:00,0.006840453964428248
2026-04-26 12:00:00+00:00,-0.009696862444442716
2026-04-26 13:00:00+00:00,0.002494729248767106
2026-04-26 14:00:00+00:00,0.004790403045286441
2026-04-26 15:00:00+00:00,0.0009287463291885937
2026-04-26 16:00:00+00:00,-0.007051922654555693
2026-04-26 17:00:00+00:00,0.005233056645648194
2026-04-26 18:00:00+00:00,0.011560236686961633
2026-04-26 19:00:00+00:00,0.012918577264892955
2026-04-26 20:00:00+00:00,-0.00807489181259181
2026-04-26 21:00:00+00:00,0.007120595010234223
2026-04-26 22:00:00+00:00,-0.004343901660914714
2026-04-26 23:00:00+00:00,0.004964066055012026
2026-04-27 00:00:00+00:00,0.017494402619645594
2026-04-27 01:00:00+00:00,0.0011466754439301416
2026-04-27 02:00:00+00:00,-0.0003368042549494027
2026-04-27 03:00:00+00:00,-0.0016353764657891566
2026-04-27 04:00:00+00:00,-0.010067423070447307
2026-04-27 05:00:00+00:00,-0.056535220919417505
2026-04-27 06:00:00+00:00,-0.01547895924545974
2026-04-27 07:00:00+00:00,-0.011985472613900747
2026-04-27 08:00:00+00:00,0.018280542308768154
2026-04-27 09:00:00+00:00,0.0036183513139149324
2026-04-27 10:00:00+00:00,-0.0060114320669598775
2026-04-27 11:00:00+00:00,-0.0034450243417179643
2026-04-27 12:00:00+00:00,-0.013914157586997055
2026-04-27 13:00:00+00:00,-0.002629284449663392
2026-04-27 14:00:00+00:00,0.006575390179480565
2026-04-27 15:00:00+00:00,-0.04801758403761841
2026-04-27 16:00:00+00:00,0.005322747672956711
2026-04-27 17:00:00+00:00,0.01462278762880926
2026-04-27 18:00:00+00:00,0.004017515685330357
2026-04-27 19:00:00+00:00,0.0003329880562170009
2026-04-27 20:00:00+00:00,0.00409733832573392
2026-04-27 21:00:00+00:00,-0.005926612801980137
2026-04-27 22:00:00+00:00,0.014223727784510547
2026-04-27 23:00:00+00:00,0.020079382120569342
2026-04-28 00:00:00+00:00,0.0024005044897233516
2026-04-28 01:00:00+00:00,-0.012069569572258776
2026-04-28 02:00:00+00:00,-0.013477510372467093
2026-04-28 03:00:00+00:00,0.0008845663080831997
2026-04-28 04:00:00+00:00,0.009721629962587783
2026-04-28 05:00:00+00:00,-0.007391214810863693
2026-04-28 06:00:00+00:00,-0.015688657301869236
2026-04-28 07:00:00+00:00,0.011194749627730939
2026-04-28 08:00:00+00:00,0.00284579485867402
2026-04-28 09:00:00+00:00,-0.016052299094619107
2026-04-28 10:00:00+00:00,-0.002902932625204582
2026-04-28 11:00:00+00:00,-0.009162878639991696
2026-04-28 12:00:00+00:00,0.015067515326357098
2026-04-28 13:00:00+00:00,-0.011442699779226795
2026-04-28 14:00:00+00:00,0.000772678182390433
2026-04-28 15:00:00+00:00,0.0058457607748663275
2026-04-28 16:00:00+00:00,0.007178349850088305
2026-04-28 17:00:00+00:00,0.0003893208140326079
2026-04-28 18:00:00+00:00,0.0023337511685184594
2026-04-28 19:00:00+00:00,0.005039975139573214
2026-04-28 20:00:00+00:00,0.0012583654468827363
2026-04-28 21:00:00+00:00,-0.007693066682560624
2026-04-28 22:00:00+00:00,-0.004417445223887548
2026-04-28 23:00:00+00:00,0.015686730334551074
2026-04-29 00:00:00+00:00,0.0005931461963723011
2026-04-29 01:00:00+00:00,0.001562703147104977
2026-04-29 02:00:00+00:00,-0.006478703375219096
2026-04-29 03:00:00+00:00,0.022581810689536904
2026-04-29 04:00:00+00:00,0.02137458380879941
2026-04-29 05:00:00+00:00,-0.005896634673877758
2026-04-29 06:00:00+00:00,-0.015003487199127783
2026-04-29 07:00:00+00:00,-0.010981224171943534
2026-04-29 08:00:00+00:00,0.005850046961240609
2026-04-29 09:00:00+00:00,0.040696770112516295
2026-04-29 10:00:00+00:00,-0.014076106893946316
2026-04-29 11:00:00+00:00,-0.02174872984884799
2026-04-29 12:00:00+00:00,-0.025993159284586165
2026-04-29 13:00:00+00:00,-0.021879671650753843
2026-04-29 14:00:00+00:00,-0.013607840495197055
2026-04-29 15:00:00+00:00,-0.0616140167315593
2026-04-29 16:00:00+00:00,0.01732382167399776
2026-04-29 17:00:00+00:00,0.03137214566022039
2026-04-29 18:00:00+00:00,-0.08669498631243815
2026-04-29 19:00:00+00:00,-0.0069521725771650895
2026-04-29 20:00:00+00:00,0.03235945509521871
2026-04-29 21:00:00+00:00,0.026905792418652822
2026-04-29 22:00:00+00:00,0.012375450466457204
2026-04-29 23:00:00+00:00,-0.009666529114677027
2026-04-30 00:00:00+00:00,0.04397428734844373
2026-04-30 01:00:00+00:00,-0.01536907634488771
2026-04-30 02:00:00+00:00,-0.026939210477356604
2026-04-30 03:00:00+00:00,0.0068414505030182345
2026-04-30 04:00:00+00:00,-0.05053714318771906
2026-04-30 05:00:00+00:00,0.027876173354003515
2026-04-30 06:00:00+00:00,-0.011393679577077601
2026-04-30 07:00:00+00:00,0.030022586691037852
2026-04-30 08:00:00+00:00,-0.014479236944621785
2026-04-30 09:00:00+00:00,0.004464436678847172
2026-04-30 10:00:00+00:00,-0.01738719468723578
2026-04-30 11:00:00+00:00,-0.0035055852021384196
2026-04-30 12:00:00+00:00,-0.005863195936475565
2026-04-30 13:00:00+00:00,0.0053922521154699445
2026-04-30 14:00:00+00:00,0.013911141542088
2026-04-30 15:00:00+00:00,0.010841027047087169
2026-04-30 16:00:00+00:00,-0.012715213130594358
2026-04-30 17:00:00+00:00,0.013046231381217006
2026-04-30 18:00:00+00:00,0.007269806725421713
2026-04-30 19:00:00+00:00,0.014715407719970425
2026-04-30 20:00:00+00:00,-0.011825559047814571
2026-04-30 21:00:00+00:00,-0.02911999388808938
2026-04-30 22:00:00+00:00,-0.016123620490793994
2026-04-30 23:00:00+00:00,0.0052864038700168115
2026-05-01 00:00:00+00:00,0.0033304496822563145
2026-05-01 01:00:00+00:00,0.03389276597241607
2026-05-01 02:00:00+00:00,-0.005576269130265173
2026-05-01 03:00:00+00:00,0.022422338699392974
2026-05-01 04:00:00+00:00,-0.02372380821812804
2026-05-01 05:00:00+00:00,0.01377640139311434
2026-05-01 06:00:00+00:00,-0.021727176821424866
2026-05-01 07:00:00+00:00,0.013546686678307935
2026-05-01 08:00:00+00:00,0.022002635484561356
2026-05-01 09:00:00+00:00,-0.03153054560645809
2026-05-01 10:00:00+00:00,0.009592242228187388
2026-05-01 11:00:00+00:00,0.02730860743862276
2026-05-01 12:00:00+00:00,0.003873673138853162
2026-05-01 13:00:00+00:00,0.058582471941887135
2026-05-01 14:00:00+00:00,-0.029492835605011026
2026-05-01 15:00:00+00:00,0.002219428375919917
2026-05-01 16:00:00+00:00,-0.02180443984731043
2026-05-01 17:00:00+00:00,0.014105688732345502
2026-05-01 18:00:00+00:00,-0.01888942523444489
2026-05-01 19:00:00+00:00,-0.0003500564605101248
2026-05-01 20:00:00+00:00,-0.04053085996467362
2026-05-01 21:00:00+00:00,0.006998554866352284
2026-05-01 22:00:00+00:00,-0.04005346038964439
2026-05-01 23:00:00+00:00,0.004000996533253523
2026-05-02 00:00:00+00:00,0.009867748682641233
2026-05-02 01:00:00+00:00,-0.0009395507381581345
2026-05-02 02:00:00+00:00,0.0056426059435215736
2026-05-02 03:00:00+00:00,0.0014962521569589736
2026-05-02 04:00:00+00:00,-0.022036746785224902
2026-05-02 05:00:00+00:00,0.0038192046743341606
2026-05-02 06:00:00+00:00,0.019023369230977794
2026-05-02 07:00:00+00:00,-0.005600470942684508
2026-05-02 08:00:00+00:00,-0.003379207720255588
2026-05-02 09:00:00+00:00,-0.0016953327416177125
2026-05-02 10:00:00+00:00,0.002264282367523478
2026-05-02 11:00:00+00:00,-0.0018826391463132711
2026-05-02 12:00:00+00:00,0.004338237372022407
2026-05-02 13:00:00+00:00,0.024226751686986635
2026-05-02 14:00:00+00:00,-0.007517842440351023
2026-05-02 15:00:00+00:00,0.026735759241212513
2026-05-02 16:00:00+00:00,0.0074553906173648035
2026-05-02 17:00:00+00:00,-0.00545338015900096
2026-05-02 18:00:00+00:00,0.0054965061610017605
2026-05-02 19:00:00+00:00,0.003667728138893998
2026-05-02 20:00:00+00:00,-0.004933338841818666
2026-05-02 21:00:00+00:00,0.01854583447905489
2026-05-02 22:00:00+00:00,0.002704180568106781
2026-05-02 23:00:00+00:00,-0.030468809460482662
2026-05-03 00:00:00+00:00,-0.006311971359397549
2026-05-03 01:00:00+00:00,-0.031908076547936697
2026-05-03 02:00:00+00:00,-0.006866616471484384
2026-05-03 03:00:00+00:00,0.010865003121731795
2026-05-03 04:00:00+00:00,-0.012507023870075826
2026-05-03 05:00:00+00:00,0.029882500591658197
2026-05-03 06:00:00+00:00,-0.004035260770775081
2026-05-03 07:00:00+00:00,0.0012864370892532446
2026-05-03 08:00:00+00:00,0.011852431813982564
2026-05-03 09:00:00+00:00,0.02056164353204443
2026-05-03 10:00:00+00:00,-0.019121294633979644
2026-05-03 11:00:00+00:00,0.022868090448087824
2026-05-03 12:00:00+00:00,0.004615494324924555
2026-05-03 13:00:00+00:00,-0.0009571436267143626
2026-05-03 14:00:00+00:00,0.01916121256679534
2026-05-03 15:00:00+00:00,-0.0024441252305999355
2026-05-03 16:00:00+00:00,0.00018847027808472597
2026-05-03 17:00:00+00:00,-0.0018843476373268406
2026-05-03 18:00:00+00:00,-0.005474924809875999
2026-05-03 19:00:00+00:00,-0.004366085736887516
2026-05-03 20:00:00+00:00,0.006101192397819503
2026-05-03 21:00:00+00:00,-0.01321174225821638
2026-05-03 22:00:00+00:00,0.0375745501239011
2026-05-03 23:00:00+00:00,-0.0664744445571998
2026-05-04 00:00:00+00:00,-0.001815256002219148
2026-05-04 01:00:00+00:00,0.10222971532965922
2026-05-04 02:00:00+00:00,0.04726767506968006
2026-05-04 03:00:00+00:00,0.03221457280335797
2026-05-04 04:00:00+00:00,0.10510929197134146
2026-05-04 05:00:00+00:00,-0.010076293476578634
2026-05-04 06:00:00+00:00,-0.005119707488652763
2026-05-04 07:00:00+00:00,-0.0006723570680326863
2026-05-04 08:00:00+00:00,0.0
2026-05-04 09:00:00+00:00,0.0
2026-05-04 10:00:00+00:00,9.023578681646516e-05
2026-05-04 11:00:00+00:00,-0.00017319102962116685
2026-05-04 12:00:00+00:00,-0.0003499259427586954
2026-05-04 13:00:00+00:00,0.0005627286911827686
2026-05-04 14:00:00+00:00,0.00310795577317742
2026-05-04 15:00:00+00:00,-0.0013769066792103475
2026-05-04 16:00:00+00:00,0.0002966034367110673
2026-05-04 17:00:00+00:00,0.0015226471066922022
2026-05-04 18:00:00+00:00,-0.0015523391705077228
2026-05-04 19:00:00+00:00,-0.0006972344465804157
2026-05-04 20:00:00+00:00,-0.0014355407468246923
2026-05-04 21:00:00+00:00,0.0015179175864555952
2026-05-04 22:00:00+00:00,-0.0005853970441625887
2026-05-04 23:00:00+00:00,-0.0013399803983062599
2026-05-05 00:00:00+00:00,0.0017435084014083074
2026-05-05 01:00:00+00:00,-0.00012030925372756625
2026-05-05 02:00:00+00:00,0.0004411870092144754
2026-05-05 03:00:00+00:00,0.00209270962197237
2026-05-05 04:00:00+00:00,-0.001296210621198817
2026-05-05 05:00:00+00:00,0.001618360362323862
2026-05-05 06:00:00+00:00,-0.0009358525938112165
2026-05-05 07:00:00+00:00,0.00040031163858751635
2026-05-05 08:00:00+00:00,-0.00017606663945353906
2026-05-05 09:00:00+00:00,-0.0002641464665609995
2026-05-05 10:00:00+00:00,0.001072878139975075
2026-05-05 11:00:00+00:00,0.00020794728327377525
2026-05-05 12:00:00+00:00,0.0010635091798250485
2026-05-05 13:00:00+00:00,0.0008946352249731747
2026-05-05 14:00:00+00:00,-0.00031124631392283065
2026-05-05 15:00:00+00:00,0.00028739374001711865
2026-05-05 16:00:00+00:00,-0.0013727089165767824
2026-05-05 17:00:00+00:00,-0.00025573876028620523
2026-05-05 18:00:00+00:00,0.0010871677621520446
2026-05-05 19:00:00+00:00,0.0011099427100318938
2026-05-05 20:00:00+00:00,0.0012896349000169418
2026-05-05 21:00:00+00:00,9.64916599281216e-05
2026-05-05 22:00:00+00:00,-0.0003792259724521772
2026-05-05 23:00:00+00:00,-0.00047623930416053876
2026-05-06 00:00:00+00:00,0.00016854587236191912
2026-05-06 01:00:00+00:00,0.0010073376863364927
2026-05-06 02:00:00+00:00,-9.938740548247793e-05
2026-05-06 03:00:00+00:00,-3.711219801946273e-06
2026-05-06 04:00:00+00:00,0.0
2026-05-06 05:00:00+00:00,0.0
2026-05-06 06:00:00+00:00,0.0
2026-05-06 07:00:00+00:00,0.0
2026-05-06 08:00:00+00:00,0.0
2026-05-06 09:00:00+00:00,0.0001380488594509113
2026-05-06 10:00:00+00:00,-0.001495615129734427
2026-05-06 11:00:00+00:00,0.00728267598703073
2026-05-06 12:00:00+00:00,-0.0004460264350121448
2026-05-06 13:00:00+00:00,-0.010476702270652033
2026-05-06 14:00:00+00:00,-8.201834921449237e-05
2026-05-06 15:00:00+00:00,0.0012098698824443718
2026-05-06 16:00:00+00:00,0.0010138337182202105
2026-05-06 17:00:00+00:00,-0.0009309639185812211
2026-05-06 18:00:00+00:00,0.001208308874300482
2026-05-06 19:00:00+00:00,0.000695473242089807
2026-05-06 20:00:00+00:00,-0.0016148294624092352
2026-05-06 21:00:00+00:00,0.0009315643243477017
2026-05-06 22:00:00+00:00,-0.0029864133782294433
2026-05-06 23:00:00+00:00,-0.0006635540294531127
2026-05-07 00:00:00+00:00,0.0
2026-05-07 01:00:00+00:00,0.0
2026-05-07 02:00:00+00:00,0.0
2026-05-07 03:00:00+00:00,0.0
2026-05-07 04:00:00+00:00,0.0
2026-05-07 05:00:00+00:00,0.0
2026-05-07 06:00:00+00:00,0.0
2026-05-07 07:00:00+00:00,0.0
2026-05-07 08:00:00+00:00,0.0
2026-05-07 09:00:00+00:00,0.0
2026-05-07 10:00:00+00:00,0.0
2026-05-07 11:00:00+00:00,0.0
2026-05-07 12:00:00+00:00,0.0
2026-05-07 13:00:00+00:00,0.0
2026-05-07 14:00:00+00:00,0.0
2026-05-07 15:00:00+00:00,0.0
2026-05-07 16:00:00+00:00,0.0
2026-05-07 17:00:00+00:00,0.0
2026-05-07 18:00:00+00:00,0.0
2026-05-07 19:00:00+00:00,0.0
2026-05-07 20:00:00+00:00,0.0
2026-05-07 21:00:00+00:00,0.0
2026-05-07 22:00:00+00:00,-0.000680618093183812
2026-05-07 23:00:00+00:00,0.00022697151722712907
2026-05-08 00:00:00+00:00,0.00012989214528507054
2026-05-08 01:00:00+00:00,3.9119058887650374e-05
2026-05-08 02:00:00+00:00,-0.00010025303366441356
2026-05-08 03:00:00+00:00,0.00015944402700225038
2026-05-08 04:00:00+00:00,0.00016251600555428875
2026-05-08 05:00:00+00:00,-0.0014390989729343145
2026-05-08 06:00:00+00:00,-0.0010650897095282324
2026-05-08 07:00:00+00:00,0.00021167708859803222
2026-05-08 08:00:00+00:00,0.0010268085224706203
2026-05-08 09:00:00+00:00,-0.00011577923318275703
2026-05-08 10:00:00+00:00,0.0010412332908884476
2026-05-08 11:00:00+00:00,0.0016094135814881051
2026-05-08 12:00:00+00:00,-0.0014524560320873397
2026-05-08 13:00:00+00:00,-0.00110134097517152
2026-05-08 14:00:00+00:00,0.005016560929967616
2026-05-08 15:00:00+00:00,0.002586131990631188
2026-05-08 16:00:00+00:00,-0.002253143787479593
2026-05-08 17:00:00+00:00,0.005108276317555314
2026-05-08 18:00:00+00:00,0.0030214979205681588
2026-05-08 19:00:00+00:00,0.0006024791944802204
2026-05-08 20:00:00+00:00,-0.002207760250144213
2026-05-08 21:00:00+00:00,0.005183469619009762
