timestamp,pair,policy,fold,seed,action_index,action_label,position_value,equity,position_value/equity,inventory_units,turnover_this_bar,grid_active,grid_levels_crossed_this_bar
2026-04-08T23:00:00+00:00,BNBUSDT,untrained,5,42,5,trend_1.5,9946.385875500544,9937.386875500546,1.0009055700570724,16.545322169639604,9999.0,False,0
2026-04-09T00:00:00+00:00,BNBUSDT,untrained,5,42,5,trend_1.5,9918.920640698943,9909.921640698945,1.0009080798341574,16.545322169639604,0.0,False,0
2026-04-09T01:00:00+00:00,BNBUSDT,untrained,5,42,5,trend_1.5,9952.176738259917,9943.177738259921,1.0009050426570743,16.545322169639604,0.0,False,0
2026-04-09T02:00:00+00:00,BNBUSDT,untrained,5,42,1,grid_1,0.0,9933.225561521662,0.0,0.0,9952.176738259917,True,0
2026-04-09T03:00:00+00:00,BNBUSDT,untrained,5,42,1,grid_1,0.0,9933.225561521662,0.0,0.0,0.0,True,0
2026-04-09T04:00:00+00:00,BNBUSDT,untrained,5,42,1,grid_1,0.0,9933.225561521662,0.0,0.0,0.0,True,0
2026-04-09T05:00:00+00:00,BNBUSDT,untrained,5,42,5,trend_1.5,9952.29668461245,9943.357774929636,1.000898983008069,16.582186485075226,9932.23223896551,False,0
2026-04-09T06:00:00+00:00,BNBUSDT,untrained,5,42,5,trend_1.5,9957.602984287674,9948.664074604862,1.0008985035192444,16.582186485075226,0.0,False,0
2026-04-09T07:00:00+00:00,BNBUSDT,untrained,5,42,5,trend_1.5,9949.477712909986,9940.538803227175,1.0008992379447188,16.582186485075226,0.0,False,0
2026-04-09T08:00:00+00:00,BNBUSDT,untrained,5,42,5,trend_1.5,9962.909283962897,9953.970374280087,1.000898024541635,16.582186485075226,0.0,False,0
2026-04-09T09:00:00+00:00,BNBUSDT,untrained,5,42,1,grid_1,0.0,9944.007464996124,0.0,0.0,9962.909283962897,True,0
2026-04-09T10:00:00+00:00,BNBUSDT,untrained,5,42,5,trend_1.5,9939.878860781899,9930.930248464147,1.0009010850035056,16.495807724881587,9943.013064249624,False,0
2026-04-09T11:00:00+00:00,BNBUSDT,untrained,5,42,5,trend_1.5,9937.734405777665,9928.785793459912,1.0009012796230983,16.495807724881587,0.0,False,0
2026-04-09T12:00:00+00:00,BNBUSDT,untrained,5,42,5,trend_1.5,9951.755842343811,9942.807230026061,1.0009000086304325,16.495807724881587,0.0,False,0
2026-04-09T13:00:00+00:00,BNBUSDT,untrained,5,42,5,trend_1.5,9908.206909950124,9899.258297632374,1.0009039679588814,16.495807724881587,0.0,False,0
2026-04-09T14:00:00+00:00,BNBUSDT,untrained,5,42,5,trend_1.5,9911.506071495101,9902.557459177351,1.0009036667905882,16.495807724881587,0.0,False,0
2026-04-09T15:00:00+00:00,BNBUSDT,untrained,5,42,5,trend_1.5,0.0,9888.331904664687,0.0,0.0,9907.187704687125,False,0
2026-04-09T16:00:00+00:00,BNBUSDT,untrained,5,42,5,trend_1.5,9886.527297553701,9877.628787672695,1.0009008751059882,16.31547841037973,9887.343071474219,False,0
2026-04-09T17:00:00+00:00,BNBUSDT,untrained,5,42,5,trend_1.5,9927.152838795548,9918.25432891454,1.00089718508781,16.31547841037973,0.0,False,0
2026-04-09T18:00:00+00:00,BNBUSDT,untrained,5,42,2,grid_1.5,0.0,9908.327176075743,0.0,0.0,9927.152838795548,True,0
2026-04-09T19:00:00+00:00,BNBUSDT,untrained,5,42,2,grid_1.5,0.0,9908.327176075743,0.0,0.0,0.0,True,0
2026-04-09T20:00:00+00:00,BNBUSDT,untrained,5,42,2,grid_1.5,0.0,9908.327176075743,0.0,0.0,0.0,True,0
2026-04-09T21:00:00+00:00,BNBUSDT,untrained,5,42,2,grid_1.5,0.0,9908.327176075743,0.0,0.0,0.0,True,0
2026-04-09T22:00:00+00:00,BNBUSDT,untrained,5,42,2,grid_1.5,0.0,9908.327176075743,0.0,0.0,0.0,True,0
2026-04-09T23:00:00+00:00,BNBUSDT,untrained,5,42,2,grid_1.5,1484.2483767863928,9904.840227374363,0.14985081462337194,2.461317640559164,1486.2490764113616,True,1
2026-04-10T00:00:00+00:00,BNBUSDT,untrained,5,42,2,grid_1.5,1485.2082906662108,9905.800141254182,0.149933197670811,2.461317640559164,0.0,True,0
2026-04-10T01:00:00+00:00,BNBUSDT,untrained,5,42,2,grid_1.5,2968.0197684601662,9901.255727838821,0.2997619544473684,4.922007542926595,1485.8700211881273,True,1
2026-04-10T02:00:00+00:00,BNBUSDT,untrained,5,42,2,grid_1.5,2961.07973782464,9894.315697203296,0.29927079632820003,4.922007542926595,0.0,True,0
2026-04-10T03:00:00+00:00,BNBUSDT,untrained,5,42,2,grid_1.5,2958.815614354893,9892.05157373355,0.29911041125295607,4.922007542926595,0.0,True,0
2026-04-10T04:00:00+00:00,BNBUSDT,untrained,5,42,0,grid_0.5,2958.3234136006004,9891.559372979256,0.29907553521660535,4.922007542926595,0.0,True,0
2026-04-10T05:00:00+00:00,BNBUSDT,untrained,5,42,0,grid_0.5,2962.0149192577956,9895.25087863645,0.299337020919065,4.922007542926595,0.0,True,0
2026-04-10T06:00:00+00:00,BNBUSDT,untrained,5,42,0,grid_0.5,2955.6655295274204,9888.901488906076,0.2988871446280713,4.922007542926595,0.0,True,0
2026-04-10T07:00:00+00:00,BNBUSDT,untrained,5,42,0,grid_0.5,3444.1997674097124,9882.49620726862,0.34851516207782485,5.7471337205855475,494.4450744453038,True,1
2026-04-10T08:00:00+00:00,BNBUSDT,untrained,5,42,0,grid_0.5,3946.5182808743793,9890.19578555949,0.39903338280083644,6.571725443981782,494.124810363431,True,1
2026-04-10T09:00:00+00:00,BNBUSDT,untrained,5,42,5,trend_1.5,9908.63837469966,9895.791669231363,1.001298198860455,16.467465015870868,13835.725046855312,False,0
2026-04-10T10:00:00+00:00,BNBUSDT,untrained,5,42,5,trend_1.5,9892.335584333949,9879.48887886565,1.0013003411032508,16.467465015870868,0.0,False,0
2026-04-10T11:00:00+00:00,BNBUSDT,untrained,5,42,5,trend_1.5,9922.80039461331,9909.953689145012,1.001296343643096,16.467465015870868,0.0,False,0
2026-04-10T12:00:00+00:00,BNBUSDT,untrained,5,42,5,trend_1.5,9925.764538316165,9912.917832847868,1.001295956012641,16.467465015870868,0.0,False,0
2026-04-10T13:00:00+00:00,BNBUSDT,untrained,5,42,1,grid_1,0.0,9902.992068309552,0.0,0.0,9925.764538316165,True,0
2026-04-10T14:00:00+00:00,BNBUSDT,untrained,5,42,1,grid_1,0.0,9902.992068309552,0.0,0.0,0.0,True,0
2026-04-10T15:00:00+00:00,BNBUSDT,untrained,5,42,1,grid_1,0.0,9902.992068309552,0.0,0.0,0.0,True,0
2026-04-10T16:00:00+00:00,BNBUSDT,untrained,5,42,5,trend_1.5,9943.85716471532,9934.94546215305,1.000897005685257,16.413880632391336,9902.00176910272,False,0
2026-04-10T17:00:00+00:00,BNBUSDT,untrained,5,42,5,trend_1.5,9967.821430438611,9958.90972787634,1.0008948472077546,16.413880632391336,0.0,False,0
2026-04-10T18:00:00+00:00,BNBUSDT,untrained,5,42,5,trend_1.5,9996.873999157942,9987.962296595673,1.0008922443134678,16.413880632391336,0.0,False,0
2026-04-10T19:00:00+00:00,BNBUSDT,untrained,5,42,1,grid_1,0.0,9977.965422596515,0.0,0.0,9996.873999157942,True,0
2026-04-10T20:00:00+00:00,BNBUSDT,untrained,5,42,1,grid_1,0.0,9977.965422596515,0.0,0.0,0.0,True,0
2026-04-10T21:00:00+00:00,BNBUSDT,untrained,5,42,1,grid_1,0.0,9977.965422596515,0.0,0.0,0.0,True,0
2026-04-10T22:00:00+00:00,BNBUSDT,untrained,5,42,1,grid_1,0.0,9977.965422596515,0.0,0.0,0.0,True,0
2026-04-10T23:00:00+00:00,BNBUSDT,untrained,5,42,5,trend_1.5,9958.0559697389,9949.076798655104,1.0009025129934679,16.444918535090828,9976.967626054255,False,0
2026-04-11T00:00:00+00:00,BNBUSDT,untrained,5,42,5,trend_1.5,9941.611051203809,9932.631880120012,1.0009040072351587,16.444918535090828,0.0,False,0
2026-04-11T01:00:00+00:00,BNBUSDT,untrained,5,42,2,grid_1.5,0.0,9922.69026906881,0.0,0.0,9941.611051203809,True,0
2026-04-11T02:00:00+00:00,BNBUSDT,untrained,5,42,0,grid_0.5,0.0,9922.69026906881,0.0,0.0,0.0,True,0
2026-04-11T03:00:00+00:00,BNBUSDT,untrained,5,42,0,grid_0.5,0.0,9922.69026906881,0.0,0.0,0.0,True,0
2026-04-11T04:00:00+00:00,BNBUSDT,untrained,5,42,0,grid_0.5,0.0,9922.69026906881,0.0,0.0,0.0,True,0
2026-04-11T05:00:00+00:00,BNBUSDT,untrained,5,42,0,grid_0.5,0.0,9922.69026906881,0.0,0.0,0.0,True,0
2026-04-11T06:00:00+00:00,BNBUSDT,untrained,5,42,0,grid_0.5,0.0,9922.69026906881,0.0,0.0,0.0,True,0
2026-04-11T07:00:00+00:00,BNBUSDT,untrained,5,42,0,grid_0.5,0.0,9922.69026906881,0.0,0.0,0.0,True,0
2026-04-11T08:00:00+00:00,BNBUSDT,untrained,5,42,0,grid_0.5,0.0,9922.69026906881,0.0,0.0,0.0,True,0
2026-04-11T09:00:00+00:00,BNBUSDT,untrained,5,42,0,grid_0.5,0.0,9922.69026906881,0.0,0.0,0.0,True,0
2026-04-11T10:00:00+00:00,BNBUSDT,untrained,5,42,0,grid_0.5,0.0,9922.69026906881,0.0,0.0,0.0,True,0
2026-04-11T11:00:00+00:00,BNBUSDT,untrained,5,42,0,grid_0.5,0.0,9922.69026906881,0.0,0.0,0.0,True,0
2026-04-11T12:00:00+00:00,BNBUSDT,untrained,5,42,0,grid_0.5,0.0,9922.69026906881,0.0,0.0,0.0,True,0
2026-04-11T13:00:00+00:00,BNBUSDT,untrained,5,42,0,grid_0.5,0.0,9922.69026906881,0.0,0.0,0.0,True,0
2026-04-11T14:00:00+00:00,BNBUSDT,untrained,5,42,5,trend_1.5,9920.713590669118,9911.784161695985,1.0009008901755188,16.406822879701522,9921.698000041903,False,0
2026-04-11T15:00:00+00:00,BNBUSDT,untrained,5,42,5,trend_1.5,9938.268891150401,9929.339462177266,1.0008992973809738,16.406822879701522,0.0,False,0
2026-04-11T16:00:00+00:00,BNBUSDT,untrained,5,42,5,trend_1.5,9966.488626503487,9957.559197530352,1.0008967487710592,16.406822879701522,0.0,False,0
2026-04-11T17:00:00+00:00,BNBUSDT,untrained,5,42,5,trend_1.5,9973.543560341759,9964.614131368624,1.0008961138740962,16.406822879701522,0.0,False,0
2026-04-11T18:00:00+00:00,BNBUSDT,untrained,5,42,5,trend_1.5,10024.732847726427,10015.803418753292,1.0008915339688493,16.406822879701522,0.0,False,0
2026-04-11T19:00:00+00:00,BNBUSDT,untrained,5,42,2,grid_1.5,0.0,10005.778685905565,0.0,0.0,10024.732847726427,True,0
2026-04-11T20:00:00+00:00,BNBUSDT,untrained,5,42,2,grid_1.5,0.0,10005.778685905565,0.0,0.0,0.0,True,0
2026-04-11T21:00:00+00:00,BNBUSDT,untrained,5,42,2,grid_1.5,0.0,10005.778685905565,0.0,0.0,0.0,True,0
2026-04-11T22:00:00+00:00,BNBUSDT,untrained,5,42,2,grid_1.5,0.0,10005.778685905565,0.0,0.0,0.0,True,0
2026-04-11T23:00:00+00:00,BNBUSDT,untrained,5,42,2,grid_1.5,1499.265871239642,10002.676887456486,0.14988646420437163,2.4697568095538127,1500.8668028858349,True,1
2026-04-12T00:00:00+00:00,BNBUSDT,untrained,5,42,2,grid_1.5,1498.9201052863043,10002.331121503148,0.14985707702316567,2.4697568095538127,0.0,True,0
2026-04-12T01:00:00+00:00,BNBUSDT,untrained,5,42,2,grid_1.5,7409.54042199777,9905.551366639822,0.7480189792313647,12.482169137982464,6001.398672901889,True,4
2026-04-12T02:00:00+00:00,BNBUSDT,untrained,5,42,5,trend_1.5,9966.129567747907,9949.80602165107,1.001640589380468,16.685299795325477,17314.10123350093,False,0
2026-04-12T03:00:00+00:00,BNBUSDT,untrained,5,42,5,trend_1.5,9936.096028116322,9919.772482019484,1.0016455565010616,16.685299795325477,0.0,False,0
2026-04-12T04:00:00+00:00,BNBUSDT,untrained,5,42,5,trend_1.5,9924.082612263686,9907.75906616685,1.0016475517811672,16.685299795325477,0.0,False,0
2026-04-12T05:00:00+00:00,BNBUSDT,untrained,5,42,5,trend_1.5,9939.59994107334,9923.276394976503,1.0016449754543872,16.685299795325477,0.0,False,0
2026-04-12T06:00:00+00:00,BNBUSDT,untrained,5,42,5,trend_1.5,9923.915759265734,9907.592213168897,1.0016475795274598,16.685299795325477,0.0,False,0
2026-04-12T07:00:00+00:00,BNBUSDT,untrained,5,42,5,trend_1.5,9916.07366836193,9899.750122265094,1.0016488846582223,16.685299795325477,0.0,False,0
2026-04-12T08:00:00+00:00,BNBUSDT,untrained,5,42,5,trend_1.5,9904.894517499062,9888.570971402227,1.0016507487425679,16.685299795325477,0.0,False,0
2026-04-12T09:00:00+00:00,BNBUSDT,untrained,5,42,5,trend_1.5,9902.725428525671,9886.401882428834,1.0016511109189128,16.685299795325477,0.0,False,0
2026-04-12T10:00:00+00:00,BNBUSDT,untrained,5,42,5,trend_1.5,9905.061370497016,9888.73782440018,1.0016507208894303,16.685299795325477,0.0,False,0
2026-04-12T11:00:00+00:00,BNBUSDT,untrained,5,42,5,trend_1.5,9934.761204132696,9918.437658035858,1.0016457779601622,16.685299795325477,0.0,False,0
2026-04-12T12:00:00+00:00,BNBUSDT,untrained,5,42,5,trend_1.5,9891.37942466485,9875.055878568013,1.001653007972569,16.685299795325477,0.0,False,0
2026-04-12T13:00:00+00:00,BNBUSDT,untrained,5,42,5,trend_1.5,9865.183503986189,9848.859957889352,1.0016574046302447,16.685299795325477,0.0,False,0
2026-04-12T14:00:00+00:00,BNBUSDT,untrained,5,42,5,trend_1.5,9842.157790268639,9825.834244171803,1.0016612885675857,16.685299795325477,0.0,False,0
2026-04-12T15:00:00+00:00,BNBUSDT,untrained,5,42,8,swing_1.5,9854.49927116346,9835.814845136863,1.0018996317357312,16.65596090790748,19667.009451016027,False,0
2026-04-12T16:00:00+00:00,BNBUSDT,untrained,5,42,1,grid_1,0.0,9825.9603458657,0.0,0.0,9854.49927116346,True,0
2026-04-12T17:00:00+00:00,BNBUSDT,untrained,5,42,1,grid_1,0.0,9825.9603458657,0.0,0.0,0.0,True,0
2026-04-12T18:00:00+00:00,BNBUSDT,untrained,5,42,1,grid_1,0.0,9825.9603458657,0.0,0.0,0.0,True,0
2026-04-12T19:00:00+00:00,BNBUSDT,untrained,5,42,1,grid_1,0.0,9825.9603458657,0.0,0.0,0.0,True,0
2026-04-12T20:00:00+00:00,BNBUSDT,untrained,5,42,1,grid_1,0.0,9825.9603458657,0.0,0.0,0.0,True,0
2026-04-12T21:00:00+00:00,BNBUSDT,untrained,5,42,1,grid_1,0.0,9825.9603458657,0.0,0.0,0.0,True,0
2026-04-12T22:00:00+00:00,BNBUSDT,untrained,5,42,1,grid_1,0.0,9825.9603458657,0.0,0.0,0.0,True,0
2026-04-12T23:00:00+00:00,BNBUSDT,untrained,5,42,1,grid_1,0.0,9825.9603458657,0.0,0.0,0.0,True,0
2026-04-13T00:00:00+00:00,BNBUSDT,untrained,5,42,1,grid_1,0.0,9825.9603458657,0.0,0.0,0.0,True,0
2026-04-13T01:00:00+00:00,BNBUSDT,untrained,5,42,5,trend_1.5,9831.571030876532,9822.728649161289,1.0009001960688386,16.483202613547483,9824.977749831112,False,0
2026-04-13T02:00:00+00:00,BNBUSDT,untrained,5,42,5,trend_1.5,9828.933718458364,9820.09133674312,1.0009004378281248,16.483202613547483,0.0,False,0
2026-04-13T03:00:00+00:00,BNBUSDT,untrained,5,42,5,trend_1.5,9802.230930224416,9793.388548509174,1.0009028929743207,16.483202613547483,0.0,False,0
2026-04-13T04:00:00+00:00,BNBUSDT,untrained,5,42,0,grid_0.5,0.0,9783.58631757895,0.0,0.0,9802.230930224416,True,0
2026-04-13T05:00:00+00:00,BNBUSDT,untrained,5,42,0,grid_0.5,0.0,9783.58631757895,0.0,0.0,0.0,True,0
2026-04-13T06:00:00+00:00,BNBUSDT,untrained,5,42,0,grid_0.5,0.0,9783.58631757895,0.0,0.0,0.0,True,0
2026-04-13T07:00:00+00:00,BNBUSDT,untrained,5,42,2,grid_1.5,0.0,9783.58631757895,0.0,0.0,0.0,True,0
2026-04-13T08:00:00+00:00,BNBUSDT,untrained,5,42,2,grid_1.5,0.0,9783.58631757895,0.0,0.0,0.0,True,0
2026-04-13T09:00:00+00:00,BNBUSDT,untrained,5,42,2,grid_1.5,0.0,9783.58631757895,0.0,0.0,0.0,True,0
2026-04-13T10:00:00+00:00,BNBUSDT,untrained,5,42,2,grid_1.5,0.0,9783.58631757895,0.0,0.0,0.0,True,0
2026-04-13T11:00:00+00:00,BNBUSDT,untrained,5,42,2,grid_1.5,0.0,9783.58631757895,0.0,0.0,0.0,True,0
2026-04-13T12:00:00+00:00,BNBUSDT,untrained,5,42,2,grid_1.5,0.0,9783.58631757895,0.0,0.0,0.0,True,0
2026-04-13T13:00:00+00:00,BNBUSDT,untrained,5,42,2,grid_1.5,0.0,9783.58631757895,0.0,0.0,0.0,True,0
2026-04-13T14:00:00+00:00,BNBUSDT,untrained,5,42,2,grid_1.5,0.0,9783.58631757895,0.0,0.0,0.0,True,0
2026-04-13T15:00:00+00:00,BNBUSDT,untrained,5,42,2,grid_1.5,0.0,9783.58631757895,0.0,0.0,0.0,True,0
2026-04-13T16:00:00+00:00,BNBUSDT,untrained,5,42,2,grid_1.5,0.0,9783.58631757895,0.0,0.0,0.0,True,0
2026-04-13T17:00:00+00:00,BNBUSDT,untrained,5,42,2,grid_1.5,0.0,9783.58631757895,0.0,0.0,0.0,True,0
2026-04-13T18:00:00+00:00,BNBUSDT,untrained,5,42,2,grid_1.5,0.0,9783.58631757895,0.0,0.0,0.0,True,0
2026-04-13T19:00:00+00:00,BNBUSDT,untrained,5,42,2,grid_1.5,0.0,9783.58631757895,0.0,0.0,0.0,True,0
2026-04-13T20:00:00+00:00,BNBUSDT,untrained,5,42,2,grid_1.5,0.0,9783.58631757895,0.0,0.0,0.0,True,0
2026-04-13T21:00:00+00:00,BNBUSDT,untrained,5,42,2,grid_1.5,0.0,9783.58631757895,0.0,0.0,0.0,True,0
2026-04-13T22:00:00+00:00,BNBUSDT,untrained,5,42,2,grid_1.5,0.0,9783.58631757895,0.0,0.0,0.0,True,0
2026-04-13T23:00:00+00:00,BNBUSDT,untrained,5,42,2,grid_1.5,0.0,9783.58631757895,0.0,0.0,0.0,True,0
2026-04-14T00:00:00+00:00,BNBUSDT,untrained,5,42,2,grid_1.5,0.0,9783.58631757895,0.0,0.0,0.0,True,0
2026-04-14T01:00:00+00:00,BNBUSDT,untrained,5,42,2,grid_1.5,0.0,9783.58631757895,0.0,0.0,0.0,True,0
2026-04-14T02:00:00+00:00,BNBUSDT,untrained,5,42,2,grid_1.5,0.0,9783.58631757895,0.0,0.0,0.0,True,0
2026-04-14T03:00:00+00:00,BNBUSDT,untrained,5,42,2,grid_1.5,0.0,9783.58631757895,0.0,0.0,0.0,True,0
2026-04-14T04:00:00+00:00,BNBUSDT,untrained,5,42,2,grid_1.5,0.0,9783.58631757895,0.0,0.0,0.0,True,0
2026-04-14T05:00:00+00:00,BNBUSDT,untrained,5,42,5,trend_1.5,9752.688319839963,9743.884070512775,1.0009035667156418,15.914701652779758,9782.60795894719,False,0
2026-04-14T06:00:00+00:00,BNBUSDT,untrained,5,42,5,trend_1.5,9784.995164195107,9776.190914867919,1.0009005807480496,15.914701652779758,0.0,False,0
2026-04-14T07:00:00+00:00,BNBUSDT,untrained,5,42,5,trend_1.5,9764.46519906302,9755.660949735831,1.0009024759442287,15.914701652779758,0.0,False,0
2026-04-14T08:00:00+00:00,BNBUSDT,untrained,5,42,2,grid_1.5,0.0,9745.896484536768,0.0,0.0,9764.46519906302,True,0
2026-04-14T09:00:00+00:00,BNBUSDT,untrained,5,42,2,grid_1.5,0.0,9745.896484536768,0.0,0.0,0.0,True,0
2026-04-14T10:00:00+00:00,BNBUSDT,untrained,5,42,2,grid_1.5,0.0,9745.896484536768,0.0,0.0,0.0,True,0
2026-04-14T11:00:00+00:00,BNBUSDT,untrained,5,42,5,trend_1.5,9721.423054261377,9712.652722014944,1.00090298011238,15.771033977809214,9744.921894888314,False,0
2026-04-14T12:00:00+00:00,BNBUSDT,untrained,5,42,2,grid_1.5,0.0,9702.931298960682,0.0,0.0,9721.423054261377,True,0
2026-04-14T13:00:00+00:00,BNBUSDT,untrained,5,42,2,grid_1.5,0.0,9702.931298960682,0.0,0.0,0.0,True,0
2026-04-14T14:00:00+00:00,BNBUSDT,untrained,5,42,2,grid_1.5,0.0,9702.931298960682,0.0,0.0,0.0,True,0
2026-04-14T15:00:00+00:00,BNBUSDT,untrained,5,42,2,grid_1.5,0.0,9702.931298960682,0.0,0.0,0.0,True,0
2026-04-14T16:00:00+00:00,BNBUSDT,untrained,5,42,2,grid_1.5,0.0,9702.931298960682,0.0,0.0,0.0,True,0
2026-04-14T17:00:00+00:00,BNBUSDT,untrained,5,42,2,grid_1.5,0.0,9702.931298960682,0.0,0.0,0.0,True,0
2026-04-14T18:00:00+00:00,BNBUSDT,untrained,5,42,2,grid_1.5,0.0,9702.931298960682,0.0,0.0,0.0,True,0
2026-04-14T19:00:00+00:00,BNBUSDT,untrained,5,42,2,grid_1.5,1459.0809040388524,9705.117068460588,0.15034140173131263,2.3765467937761255,1455.4396948441024,True,1
2026-04-14T20:00:00+00:00,BNBUSDT,untrained,5,42,2,grid_1.5,1458.4630018724706,9704.499166294207,0.15028730250583394,2.3765467937761255,0.0,True,0
2026-04-14T21:00:00+00:00,BNBUSDT,untrained,5,42,2,grid_1.5,1463.4537501394002,9709.489914561136,0.15072406099775507,2.3765467937761255,0.0,True,0
2026-04-14T22:00:00+00:00,BNBUSDT,untrained,5,42,2,grid_1.5,1459.5324479296696,9705.568612351406,0.15038093142448694,2.3765467937761255,0.0,True,0
2026-04-14T23:00:00+00:00,BNBUSDT,untrained,5,42,0,grid_0.5,1458.605594680097,9704.641759101833,0.1502997875539397,2.3765467937761255,0.0,True,0
2026-04-15T00:00:00+00:00,BNBUSDT,untrained,5,42,0,grid_0.5,1465.972889740803,9712.009054162538,0.15094434957435418,2.3765467937761255,0.0,True,0
2026-04-15T01:00:00+00:00,BNBUSDT,untrained,5,42,2,grid_1.5,1472.1519114046212,9718.188075826356,0.1514841964281949,2.3765467937761255,0.0,True,0
2026-04-15T02:00:00+00:00,BNBUSDT,untrained,5,42,2,grid_1.5,1464.071652305782,9710.107816727517,0.1507781046245067,2.3765467937761255,0.0,True,0
2026-04-15T03:00:00+00:00,BNBUSDT,untrained,5,42,2,grid_1.5,1464.2855415172219,9710.321705938957,0.15079681043128015,2.3765467937761255,0.0,True,0
2026-04-15T04:00:00+00:00,BNBUSDT,untrained,5,42,5,trend_1.5,9696.586409078922,9686.383805034231,1.0010532933910163,15.75835146844607,11173.636215285584,False,0
2026-04-15T05:00:00+00:00,BNBUSDT,untrained,5,42,2,grid_1.5,0.0,9676.687218625151,0.0,0.0,9696.586409078922,True,0
2026-04-15T06:00:00+00:00,BNBUSDT,untrained,5,42,2,grid_1.5,0.0,9676.687218625151,0.0,0.0,0.0,True,0
2026-04-15T07:00:00+00:00,BNBUSDT,untrained,5,42,5,trend_1.5,9635.541261945085,9626.833211117044,1.0009045602678548,15.756191356158363,9675.71954990329,False,0
2026-04-15T08:00:00+00:00,BNBUSDT,untrained,5,42,1,grid_1,0.0,9617.197669855099,0.0,0.0,9635.541261945085,True,0
2026-04-15T09:00:00+00:00,BNBUSDT,untrained,5,42,1,grid_1,0.0,9617.197669855099,0.0,0.0,0.0,True,0
2026-04-15T10:00:00+00:00,BNBUSDT,untrained,5,42,1,grid_1,0.0,9617.197669855099,0.0,0.0,0.0,True,0
2026-04-15T11:00:00+00:00,BNBUSDT,untrained,5,42,1,grid_1,0.0,9617.197669855099,0.0,0.0,0.0,True,0
2026-04-15T12:00:00+00:00,BNBUSDT,untrained,5,42,1,grid_1,0.0,9617.197669855099,0.0,0.0,0.0,True,0
2026-04-15T13:00:00+00:00,BNBUSDT,untrained,5,42,1,grid_1,0.0,9617.197669855099,0.0,0.0,0.0,True,0
2026-04-15T14:00:00+00:00,BNBUSDT,untrained,5,42,1,grid_1,0.0,9617.197669855099,0.0,0.0,0.0,True,0
2026-04-15T15:00:00+00:00,BNBUSDT,untrained,5,42,1,grid_1,0.0,9617.197669855099,0.0,0.0,0.0,True,0
2026-04-15T16:00:00+00:00,BNBUSDT,untrained,5,42,1,grid_1,0.0,9617.197669855099,0.0,0.0,0.0,True,0
2026-04-15T17:00:00+00:00,BNBUSDT,untrained,5,42,1,grid_1,0.0,9617.197669855099,0.0,0.0,0.0,True,0
2026-04-15T18:00:00+00:00,BNBUSDT,untrained,5,42,1,grid_1,0.0,9617.197669855099,0.0,0.0,0.0,True,0
2026-04-15T19:00:00+00:00,BNBUSDT,untrained,5,42,5,trend_1.5,9662.588191243458,9653.933675060356,1.000896475620654,15.45074705178205,9616.235950088112,False,0
2026-04-15T20:00:00+00:00,BNBUSDT,untrained,5,42,5,trend_1.5,9633.540786786109,9624.886270603007,1.0008991811372914,15.45074705178205,0.0,False,0
2026-04-15T21:00:00+00:00,BNBUSDT,untrained,5,42,5,trend_1.5,9630.141622434716,9621.487106251614,1.0008994988079836,15.45074705178205,0.0,False,0
2026-04-15T22:00:00+00:00,BNBUSDT,untrained,5,42,5,trend_1.5,9645.592369486498,9636.937853303396,1.0008980566560504,15.45074705178205,0.0,False,0
2026-04-15T23:00:00+00:00,BNBUSDT,untrained,5,42,5,trend_1.5,9619.480606968988,9610.826090785886,1.0009004965963746,15.45074705178205,0.0,False,0
2026-04-16T00:00:00+00:00,BNBUSDT,untrained,5,42,2,grid_1.5,0.0,9601.206610178917,0.0,0.0,9619.480606968988,True,0
2026-04-16T01:00:00+00:00,BNBUSDT,untrained,5,42,2,grid_1.5,0.0,9601.206610178917,0.0,0.0,0.0,True,0
2026-04-16T02:00:00+00:00,BNBUSDT,untrained,5,42,2,grid_1.5,0.0,9601.206610178917,0.0,0.0,0.0,True,0
2026-04-16T03:00:00+00:00,BNBUSDT,untrained,5,42,2,grid_1.5,0.0,9601.206610178917,0.0,0.0,0.0,True,0
2026-04-16T04:00:00+00:00,BNBUSDT,untrained,5,42,2,grid_1.5,0.0,9601.206610178917,0.0,0.0,0.0,True,0
2026-04-16T05:00:00+00:00,BNBUSDT,untrained,5,42,2,grid_1.5,0.0,9601.206610178917,0.0,0.0,0.0,True,0
2026-04-16T06:00:00+00:00,BNBUSDT,untrained,5,42,2,grid_1.5,0.0,9601.206610178917,0.0,0.0,0.0,True,0
2026-04-16T07:00:00+00:00,BNBUSDT,untrained,5,42,5,trend_1.5,9567.82568271111,9559.18555688261,1.00090385585436,15.36531128283915,9600.2464895179,False,0
2026-04-16T08:00:00+00:00,BNBUSDT,untrained,5,42,2,grid_1.5,0.0,9549.6177311999,0.0,0.0,9567.82568271111,True,0
2026-04-16T09:00:00+00:00,BNBUSDT,untrained,5,42,5,trend_1.5,9552.344122440647,9543.750421444342,1.0009004532407926,15.338970891113041,9548.662769426779,False,0
2026-04-16T10:00:00+00:00,BNBUSDT,untrained,5,42,5,trend_1.5,9505.867040640574,9497.273339644269,1.0009048598149148,15.338970891113041,0.0,False,0
2026-04-16T11:00:00+00:00,BNBUSDT,untrained,5,42,2,grid_1.5,0.0,9487.76747260363,0.0,0.0,9505.867040640574,True,0
2026-04-16T12:00:00+00:00,BNBUSDT,untrained,5,42,5,trend_1.5,9496.44377964474,9487.905737696146,1.0008998868859618,15.27791077519344,9486.818695856367,False,0
2026-04-16T13:00:00+00:00,BNBUSDT,untrained,5,42,5,trend_1.5,0.0,9396.699698688775,0.0,0.0,9414.6523930304,False,0
2026-04-16T14:00:00+00:00,BNBUSDT,untrained,5,42,1,grid_1,0.0,9396.699698688775,0.0,0.0,0.0,True,0
2026-04-16T15:00:00+00:00,BNBUSDT,untrained,5,42,1,grid_1,0.0,9396.699698688775,0.0,0.0,0.0,True,0
2026-04-16T16:00:00+00:00,BNBUSDT,untrained,5,42,1,grid_1,0.0,9396.699698688775,0.0,0.0,0.0,True,0
2026-04-16T17:00:00+00:00,BNBUSDT,untrained,5,42,5,trend_1.5,9424.59980883008,9416.143718771229,1.0008980417367668,15.020718807902076,9395.760028718907,False,0
2026-04-16T18:00:00+00:00,BNBUSDT,untrained,5,42,5,trend_1.5,9550.924054004536,9542.467963945684,1.0008861533610383,15.020718807902076,0.0,False,0
2026-04-16T19:00:00+00:00,BNBUSDT,untrained,5,42,5,trend_1.5,9561.438557170066,9552.982467111215,1.0008851780151344,15.020718807902076,0.0,False,0
2026-04-16T20:00:00+00:00,BNBUSDT,untrained,5,42,5,trend_1.5,9532.148155494659,9523.692065435807,1.00088790040677,15.020718807902076,0.0,False,0
2026-04-16T21:00:00+00:00,BNBUSDT,untrained,5,42,5,trend_1.5,9502.55733944309,9494.101249384239,1.0008906677774687,15.020718807902076,0.0,False,0
2026-04-16T22:00:00+00:00,BNBUSDT,untrained,5,42,5,trend_1.5,9514.273500113253,9505.817410054402,1.000889570006879,15.020718807902076,0.0,False,0
2026-04-16T23:00:00+00:00,BNBUSDT,untrained,5,42,5,trend_1.5,9549.722396499903,9541.266306441052,1.0008862649660184,15.020718807902076,0.0,False,0
2026-04-17T00:00:00+00:00,BNBUSDT,untrained,5,42,5,trend_1.5,9515.475157617886,9507.019067559035,1.0008894575680096,15.020718807902076,0.0,False,0
2026-04-17T01:00:00+00:00,BNBUSDT,untrained,5,42,5,trend_1.5,9482.279369052423,9473.82327899357,1.0008925741814927,15.020718807902076,0.0,False,0
2026-04-17T02:00:00+00:00,BNBUSDT,untrained,5,42,5,trend_1.5,9457.945804583622,9449.489714524769,1.0008948726666007,15.020718807902076,0.0,False,0
2026-04-17T03:00:00+00:00,BNBUSDT,untrained,5,42,5,trend_1.5,9451.93751706046,9443.481427001609,1.0008954420172493,15.020718807902076,0.0,False,0
2026-04-17T04:00:00+00:00,BNBUSDT,untrained,5,42,5,trend_1.5,9455.842903950515,9447.386813891662,1.0008950718569518,15.020718807902076,0.0,False,0
2026-04-17T05:00:00+00:00,BNBUSDT,untrained,5,42,5,trend_1.5,0.0,9410.915355249454,0.0,0.0,9428.800245553859,False,0
2026-04-17T06:00:00+00:00,BNBUSDT,untrained,5,42,5,trend_1.5,9416.718475762078,9408.24959303389,1.0009001549804184,14.987137884775397,9409.974263713928,False,0
2026-04-17T07:00:00+00:00,BNBUSDT,untrained,5,42,5,trend_1.5,9400.082752709977,9391.61386998179,1.0009017494591912,14.987137884775397,0.0,False,0
2026-04-17T08:00:00+00:00,BNBUSDT,untrained,5,42,5,trend_1.5,9456.884005293276,9448.415122565088,1.0008963283914105,14.987137884775397,0.0,False,0
2026-04-17T09:00:00+00:00,BNBUSDT,untrained,5,42,5,trend_1.5,9483.111496591633,9474.642613863445,1.000893847195439,14.987137884775397,0.0,False,0
2026-04-17T10:00:00+00:00,BNBUSDT,untrained,5,42,5,trend_1.5,9449.690179108582,9441.221296380396,1.0008970113571465,14.987137884775397,0.0,False,0
2026-04-17T11:00:00+00:00,BNBUSDT,untrained,5,42,5,trend_1.5,9479.364712120438,9470.895829392251,1.000894200810646,14.987137884775397,0.0,False,0
2026-04-17T12:00:00+00:00,BNBUSDT,untrained,5,42,5,trend_1.5,9530.320980928675,9521.852098200487,1.0008894154877483,14.987137884775397,0.0,False,0
2026-04-17T13:00:00+00:00,BNBUSDT,untrained,5,42,5,trend_1.5,9637.32914542597,9628.860262697783,1.00087953116954,14.987137884775397,0.0,False,0
2026-04-17T14:00:00+00:00,BNBUSDT,untrained,5,42,2,grid_1.5,0.0,9619.222933552357,0.0,0.0,9637.32914542597,True,0
2026-04-17T15:00:00+00:00,BNBUSDT,untrained,5,42,2,grid_1.5,0.0,9619.222933552357,0.0,0.0,0.0,True,0
2026-04-17T16:00:00+00:00,BNBUSDT,untrained,5,42,2,grid_1.5,0.0,9619.222933552357,0.0,0.0,0.0,True,0
2026-04-17T17:00:00+00:00,BNBUSDT,untrained,5,42,2,grid_1.5,0.0,9619.222933552357,0.0,0.0,0.0,True,0
2026-04-17T18:00:00+00:00,BNBUSDT,untrained,5,42,2,grid_1.5,0.0,9619.222933552357,0.0,0.0,0.0,True,0
2026-04-17T19:00:00+00:00,BNBUSDT,untrained,5,42,2,grid_1.5,0.0,9619.222933552357,0.0,0.0,0.0,True,0
2026-04-17T20:00:00+00:00,BNBUSDT,untrained,5,42,2,grid_1.5,0.0,9619.222933552357,0.0,0.0,0.0,True,0
2026-04-17T21:00:00+00:00,BNBUSDT,untrained,5,42,5,trend_1.5,9641.073014656069,9632.416675938166,1.0008986673862985,15.007896971756024,9618.261011259001,False,0
2026-04-17T22:00:00+00:00,BNBUSDT,untrained,5,42,5,trend_1.5,9665.685965689749,9657.029626971846,1.0008963769453214,15.007896971756024,0.0,False,0
2026-04-17T23:00:00+00:00,BNBUSDT,untrained,5,42,5,trend_1.5,9651.878700475734,9643.222361757831,1.0008976603870747,15.007896971756024,0.0,False,0
2026-04-18T00:00:00+00:00,BNBUSDT,untrained,5,42,2,grid_1.5,0.0,9633.570483057356,0.0,0.0,9651.878700475734,True,0
2026-04-18T01:00:00+00:00,BNBUSDT,untrained,5,42,2,grid_1.5,0.0,9633.570483057356,0.0,0.0,0.0,True,0
2026-04-18T02:00:00+00:00,BNBUSDT,untrained,5,42,2,grid_1.5,0.0,9633.570483057356,0.0,0.0,0.0,True,0
2026-04-18T03:00:00+00:00,BNBUSDT,untrained,5,42,2,grid_1.5,0.0,9633.570483057356,0.0,0.0,0.0,True,0
2026-04-18T04:00:00+00:00,BNBUSDT,untrained,5,42,2,grid_1.5,0.0,9633.570483057356,0.0,0.0,0.0,True,0
2026-04-18T05:00:00+00:00,BNBUSDT,untrained,5,42,2,grid_1.5,0.0,9633.570483057356,0.0,0.0,0.0,True,0
2026-04-18T06:00:00+00:00,BNBUSDT,untrained,5,42,2,grid_1.5,0.0,9633.570483057356,0.0,0.0,0.0,True,0
2026-04-18T07:00:00+00:00,BNBUSDT,untrained,5,42,2,grid_1.5,0.0,9633.570483057356,0.0,0.0,0.0,True,0
2026-04-18T08:00:00+00:00,BNBUSDT,untrained,5,42,2,grid_1.5,1444.370825699909,9631.460700726204,0.14996383939883642,2.2671022220999983,1445.0355724586034,True,1
2026-04-18T09:00:00+00:00,BNBUSDT,untrained,5,42,2,grid_1.5,1441.582289966726,9628.67216499302,0.1497176625462324,2.2671022220999983,0.0,True,0
2026-04-18T10:00:00+00:00,BNBUSDT,untrained,5,42,2,grid_1.5,1437.36547983362,9624.455354859914,0.14934512414853848,2.2671022220999983,0.0,True,0
2026-04-18T11:00:00+00:00,BNBUSDT,untrained,5,42,2,grid_1.5,2883.4763357946663,9625.454239288743,0.2995678192541837,4.552593801087305,1443.6683032289873,True,1
2026-04-18T12:00:00+00:00,BNBUSDT,untrained,5,42,2,grid_1.5,4336.248732643947,9632.964682108819,0.4501468525777537,6.838322582271131,1443.8181358933116,True,1
2026-04-18T13:00:00+00:00,BNBUSDT,untrained,5,42,2,grid_1.5,5781.855183754709,9632.181486200943,0.6002643525807514,9.125834846591077,1444.944702316323,True,1
2026-04-18T14:00:00+00:00,BNBUSDT,untrained,5,42,5,trend_1.5,9640.795216943327,9626.345361640138,1.001501073851014,15.201506176195721,15413.073451807033,False,0
2026-04-18T15:00:00+00:00,BNBUSDT,untrained,5,42,5,trend_1.5,9628.177966817084,9613.728111513896,1.001503043890526,15.201506176195721,0.0,False,0
2026-04-18T16:00:00+00:00,BNBUSDT,untrained,5,42,5,trend_1.5,9627.721921631799,9613.27206632861,1.0015031151936082,15.201506176195721,0.0,False,0
2026-04-18T17:00:00+00:00,BNBUSDT,untrained,5,42,5,trend_1.5,9630.306177681752,9615.856322378564,1.001502711232234,15.201506176195721,0.0,False,0
2026-04-18T18:00:00+00:00,BNBUSDT,untrained,5,42,5,trend_1.5,9570.260228285777,9555.81037298259,1.0015121538351202,15.201506176195721,0.0,False,0
2026-04-18T19:00:00+00:00,BNBUSDT,untrained,5,42,1,grid_1,0.0,9546.240112754305,0.0,0.0,9570.260228285777,True,0
2026-04-18T20:00:00+00:00,BNBUSDT,untrained,5,42,1,grid_1,0.0,9546.240112754305,0.0,0.0,0.0,True,0
2026-04-18T21:00:00+00:00,BNBUSDT,untrained,5,42,1,grid_1,0.0,9546.240112754305,0.0,0.0,0.0,True,0
2026-04-18T22:00:00+00:00,BNBUSDT,untrained,5,42,1,grid_1,0.0,9546.240112754305,0.0,0.0,0.0,True,0
2026-04-18T23:00:00+00:00,BNBUSDT,untrained,5,42,5,trend_1.5,9530.306914611476,9521.71625313401,1.000902217756661,15.12987286015475,9545.28548874303,False,0
2026-04-19T00:00:00+00:00,BNBUSDT,untrained,5,42,5,trend_1.5,9521.380289623985,9512.789628146516,1.0009030643810362,15.12987286015475,0.0,False,0
2026-04-19T01:00:00+00:00,BNBUSDT,untrained,5,42,5,trend_1.5,9502.619247277395,9494.028585799926,1.0009048489163301,15.12987286015475,0.0,False,0
2026-04-19T02:00:00+00:00,BNBUSDT,untrained,5,42,1,grid_1,951.2078638114964,9485.381568925572,0.10028145487870359,1.521835184646577,10452.022105857388,True,1
2026-04-19T03:00:00+00:00,BNBUSDT,untrained,5,42,5,trend_1.5,9457.423094132995,9447.935991395307,1.0010041455346785,15.17412170544074,10435.640894580176,False,0
2026-04-19T04:00:00+00:00,BNBUSDT,untrained,5,42,5,trend_1.5,9439.214148086467,9429.727045348776,1.0010060845549469,15.17412170544074,0.0,False,0
2026-04-19T05:00:00+00:00,BNBUSDT,untrained,5,42,5,trend_1.5,9448.166879892677,9438.679777154986,1.0010051302683933,15.17412170544074,0.0,False,0
2026-04-19T06:00:00+00:00,BNBUSDT,untrained,5,42,5,trend_1.5,9450.594739365546,9441.107636627856,1.001004871790772,15.17412170544074,0.0,False,0
2026-04-19T07:00:00+00:00,BNBUSDT,untrained,5,42,8,swing_1.5,9402.421666903352,9384.475019401785,1.0019123762879079,15.157373076643267,18890.75826522974,False,0
2026-04-19T08:00:00+00:00,BNBUSDT,untrained,5,42,8,swing_1.5,9416.214876403097,9398.26822890153,1.0019095696211753,15.157373076643267,0.0,False,0
2026-04-19T09:00:00+00:00,BNBUSDT,untrained,5,42,8,swing_1.5,9395.903996480394,9377.957348978827,1.001913705387402,15.157373076643267,0.0,False,0
2026-04-19T10:00:00+00:00,BNBUSDT,untrained,5,42,8,swing_1.5,9402.876388095652,9384.929740594083,1.0019122836289271,15.157373076643267,0.0,False,0
2026-04-19T11:00:00+00:00,BNBUSDT,untrained,5,42,8,swing_1.5,9433.94900290277,9416.0023554012,1.0019059731321407,15.157373076643267,0.0,False,0
2026-04-19T12:00:00+00:00,BNBUSDT,untrained,5,42,8,swing_1.5,9446.529622556383,9428.582975054815,1.0019034299797807,15.157373076643267,0.0,False,0
2026-04-19T13:00:00+00:00,BNBUSDT,untrained,5,42,8,swing_1.5,9475.783352594304,9457.836705092735,1.0018975425418273,15.157373076643267,0.0,False,0
2026-04-19T14:00:00+00:00,BNBUSDT,untrained,5,42,5,trend_1.5,9485.632511976168,9467.645621372661,1.001899827192824,15.127152923127241,18932.67427401653,False,0
2026-04-19T15:00:00+00:00,BNBUSDT,untrained,5,42,8,swing_1.5,9451.752867801111,9433.747300994464,1.0019086335718097,15.096958595366509,18952.33136878669,False,0
2026-04-19T16:00:00+00:00,BNBUSDT,untrained,5,42,5,trend_1.5,9394.534528317308,9376.593346253343,1.0019134008910746,15.066692105138982,18884.556794065473,False,0
2026-04-19T17:00:00+00:00,BNBUSDT,untrained,5,42,1,grid_1,0.0,9367.198811725026,0.0,0.0,9394.534528317308,True,0
2026-04-19T18:00:00+00:00,BNBUSDT,untrained,5,42,1,grid_1,0.0,9367.198811725026,0.0,0.0,0.0,True,0
2026-04-19T19:00:00+00:00,BNBUSDT,untrained,5,42,5,trend_1.5,9378.909233185375,9370.479690974706,1.0008995849186664,15.056120644671756,9366.262091843853,False,0
2026-04-19T20:00:00+00:00,BNBUSDT,untrained,5,42,5,trend_1.5,9350.152042754054,9341.722500543383,1.0009023541654316,15.056120644671756,0.0,False,0
2026-04-19T21:00:00+00:00,BNBUSDT,untrained,5,42,5,trend_1.5,9341.720615193039,9333.291072982367,1.0009031693263133,15.056120644671756,0.0,False,0
2026-04-19T22:00:00+00:00,BNBUSDT,untrained,5,42,5,trend_1.5,0.0,9247.454795644979,0.0,0.0,9265.149487342993,False,0
2026-04-19T23:00:00+00:00,BNBUSDT,untrained,5,42,5,trend_1.5,9232.293322158317,9223.971537587719,1.0009021910504263,14.986029481151704,9246.530050165413,False,0
2026-04-20T00:00:00+00:00,BNBUSDT,untrained,5,42,5,trend_1.5,9288.940513597072,9280.618729026473,1.000896684242029,14.986029481151704,0.0,False,0
2026-04-20T01:00:00+00:00,BNBUSDT,untrained,5,42,8,swing_1.5,9310.980279786429,9293.33971047858,1.0018981948209595,14.971106522898765,18568.631180750643,False,0
2026-04-20T02:00:00+00:00,BNBUSDT,untrained,5,42,8,swing_1.5,9300.650216285629,9283.00964697778,1.0019003071179176,14.971106522898765,0.0,False,0
2026-04-20T03:00:00+00:00,BNBUSDT,untrained,5,42,8,swing_1.5,9307.387214220935,9289.746644913084,1.0018989290001261,14.971106522898765,0.0,False,0
2026-04-20T04:00:00+00:00,BNBUSDT,untrained,5,42,5,trend_1.5,9278.807041415786,9261.139811195808,1.0019076734160326,14.941237063888098,18596.204884469527,False,0
2026-04-20T05:00:00+00:00,BNBUSDT,untrained,5,42,5,trend_1.5,9244.741020910122,9227.073790690143,1.0019147164768318,14.941237063888098,0.0,False,0
2026-04-20T06:00:00+00:00,BNBUSDT,untrained,5,42,5,trend_1.5,9326.917824761505,9309.250594541527,1.0018978144417272,14.941237063888098,0.0,False,0
2026-04-20T07:00:00+00:00,BNBUSDT,untrained,5,42,5,trend_1.5,9333.641381440257,9315.974151220276,1.0018964447446075,14.941237063888098,0.0,False,0
2026-04-20T08:00:00+00:00,BNBUSDT,untrained,5,42,5,trend_1.5,9320.642505194674,9302.975274974693,1.0018990946119686,14.941237063888098,0.0,False,0
2026-04-20T09:00:00+00:00,BNBUSDT,untrained,5,42,2,grid_1.5,0.0,9293.6546324695,0.0,0.0,9320.642505194674,True,0
2026-04-20T10:00:00+00:00,BNBUSDT,untrained,5,42,5,trend_1.5,9282.938924557233,9274.575564753473,1.000901751217117,14.827791589421345,9292.725267006252,False,0
2026-04-20T11:00:00+00:00,BNBUSDT,untrained,5,42,5,trend_1.5,9274.783639183051,9266.420279379292,1.0009025448394966,14.827791589421345,0.0,False,0
2026-04-20T12:00:00+00:00,BNBUSDT,untrained,5,42,5,trend_1.5,9268.111132967811,9259.747773164052,1.000903195206677,14.827791589421345,0.0,False,0
2026-04-20T13:00:00+00:00,BNBUSDT,untrained,5,42,5,trend_1.5,9279.528532491668,9271.165172687908,1.0009020829257145,14.827791589421345,0.0,False,0
2026-04-20T14:00:00+00:00,BNBUSDT,untrained,5,42,5,trend_1.5,9246.314279331364,9237.950919527604,1.0009053262868155,14.827791589421345,0.0,False,0
2026-04-20T15:00:00+00:00,BNBUSDT,untrained,5,42,0,grid_0.5,0.0,9228.704605248273,0.0,0.0,9246.314279331364,True,0
2026-04-20T16:00:00+00:00,BNBUSDT,untrained,5,42,2,grid_1.5,0.0,9228.704605248273,0.0,0.0,0.0,True,0
2026-04-20T17:00:00+00:00,BNBUSDT,untrained,5,42,0,grid_0.5,0.0,9228.704605248273,0.0,0.0,0.0,True,0
2026-04-20T18:00:00+00:00,BNBUSDT,untrained,5,42,2,grid_1.5,0.0,9228.704605248273,0.0,0.0,0.0,True,0
2026-04-20T19:00:00+00:00,BNBUSDT,untrained,5,42,2,grid_1.5,0.0,9228.704605248273,0.0,0.0,0.0,True,0
2026-04-20T20:00:00+00:00,BNBUSDT,untrained,5,42,2,grid_1.5,0.0,9228.704605248273,0.0,0.0,0.0,True,0
2026-04-20T21:00:00+00:00,BNBUSDT,untrained,5,42,2,grid_1.5,0.0,9228.704605248273,0.0,0.0,0.0,True,0
2026-04-20T22:00:00+00:00,BNBUSDT,untrained,5,42,2,grid_1.5,0.0,9228.704605248273,0.0,0.0,0.0,True,0
2026-04-20T23:00:00+00:00,BNBUSDT,untrained,5,42,2,grid_1.5,0.0,9228.704605248273,0.0,0.0,0.0,True,0
2026-04-21T00:00:00+00:00,BNBUSDT,untrained,5,42,2,grid_1.5,0.0,9228.704605248273,0.0,0.0,0.0,True,0
2026-04-21T01:00:00+00:00,BNBUSDT,untrained,5,42,2,grid_1.5,0.0,9228.704605248273,0.0,0.0,0.0,True,0
2026-04-21T02:00:00+00:00,BNBUSDT,untrained,5,42,2,grid_1.5,0.0,9228.704605248273,0.0,0.0,0.0,True,0
2026-04-21T03:00:00+00:00,BNBUSDT,untrained,5,42,2,grid_1.5,0.0,9228.704605248273,0.0,0.0,0.0,True,0
2026-04-21T04:00:00+00:00,BNBUSDT,untrained,5,42,2,grid_1.5,0.0,9228.704605248273,0.0,0.0,0.0,True,0
2026-04-21T05:00:00+00:00,BNBUSDT,untrained,5,42,2,grid_1.5,0.0,9228.704605248273,0.0,0.0,0.0,True,0
2026-04-21T06:00:00+00:00,BNBUSDT,untrained,5,42,2,grid_1.5,0.0,9228.704605248273,0.0,0.0,0.0,True,0
2026-04-21T07:00:00+00:00,BNBUSDT,untrained,5,42,2,grid_1.5,0.0,9228.704605248273,0.0,0.0,0.0,True,0
2026-04-21T08:00:00+00:00,BNBUSDT,untrained,5,42,2,grid_1.5,0.0,9228.704605248273,0.0,0.0,0.0,True,0
2026-04-21T09:00:00+00:00,BNBUSDT,untrained,5,42,5,trend_1.5,9250.299149285418,9241.994238011157,1.0008986059783618,14.527364192046202,9227.781734787748,False,0
2026-04-21T10:00:00+00:00,BNBUSDT,untrained,5,42,5,trend_1.5,9276.4484048311,9268.14349355684,1.0008960706402565,14.527364192046202,0.0,False,0
2026-04-21T11:00:00+00:00,BNBUSDT,untrained,5,42,5,trend_1.5,0.0,9189.335007278556,0.0,0.0,9206.846765318138,False,0
2026-04-21T12:00:00+00:00,BNBUSDT,untrained,5,42,2,grid_1.5,0.0,9189.335007278556,0.0,0.0,0.0,True,0
2026-04-21T13:00:00+00:00,BNBUSDT,untrained,5,42,2,grid_1.5,0.0,9189.335007278556,0.0,0.0,0.0,True,0
2026-04-21T14:00:00+00:00,BNBUSDT,untrained,5,42,2,grid_1.5,0.0,9189.335007278556,0.0,0.0,0.0,True,0
2026-04-21T15:00:00+00:00,BNBUSDT,untrained,5,42,2,grid_1.5,1382.9366404927446,9192.492996428426,0.1504419574787883,2.188848926881095,1378.4002510917835,True,1
2026-04-21T16:00:00+00:00,BNBUSDT,untrained,5,42,2,grid_1.5,1383.0898599176264,9192.646215853307,0.150456117579332,2.188848926881095,0.0,True,0
2026-04-21T17:00:00+00:00,BNBUSDT,untrained,5,42,2,grid_1.5,2757.308129686193,9186.5886563115,0.30014494311681494,4.378486565386021,1378.896932377996,True,1
2026-04-21T18:00:00+00:00,BNBUSDT,untrained,5,42,2,grid_1.5,4138.979240162723,9188.893480042858,0.450432824055701,6.5666813266106985,1377.9882984467251,True,1
2026-04-21T19:00:00+00:00,BNBUSDT,untrained,5,42,2,grid_1.5,6867.271633284511,9157.761161107775,0.7498854264128686,10.959578093336276,2756.6680440128575,True,2
2026-04-21T20:00:00+00:00,BNBUSDT,untrained,5,42,5,trend_1.5,9203.608719227177,9188.500378325012,1.0016442662328016,14.61354194859825,16024.117018276174,False,0
2026-04-21T21:00:00+00:00,BNBUSDT,untrained,5,42,5,trend_1.5,9194.694458638534,9179.58611773637,1.0016458629733833,14.61354194859825,0.0,False,0
2026-04-21T22:00:00+00:00,BNBUSDT,untrained,5,42,5,trend_1.5,9190.45653147344,9175.348190571274,1.0016466231676844,14.61354194859825,0.0,False,0
2026-04-21T23:00:00+00:00,BNBUSDT,untrained,5,42,5,trend_1.5,9231.666719768487,9216.558378866323,1.0016392605874236,14.61354194859825,0.0,False,0
2026-04-22T00:00:00+00:00,BNBUSDT,untrained,5,42,1,grid_1,0.0,9207.326712146554,0.0,0.0,9231.666719768487,True,0
2026-04-22T01:00:00+00:00,BNBUSDT,untrained,5,42,1,grid_1,0.0,9207.326712146554,0.0,0.0,0.0,True,0
2026-04-22T02:00:00+00:00,BNBUSDT,untrained,5,42,1,grid_1,0.0,9207.326712146554,0.0,0.0,0.0,True,0
2026-04-22T03:00:00+00:00,BNBUSDT,untrained,5,42,5,trend_1.5,9199.070541640174,9190.784868331913,1.000901519666379,14.383211441500029,9206.40597947534,False,0
2026-04-22T04:00:00+00:00,BNBUSDT,untrained,5,42,5,trend_1.5,9201.515687585228,9193.230014276967,1.0009012798869814,14.383211441500029,0.0,False,0
2026-04-22T05:00:00+00:00,BNBUSDT,untrained,5,42,5,trend_1.5,9246.103643053879,9237.817969745618,1.0008969297008663,14.383211441500029,0.0,False,0
2026-04-22T06:00:00+00:00,BNBUSDT,untrained,5,42,5,trend_1.5,9238.336708875468,9230.051035567207,1.0008976844522672,14.383211441500029,0.0,False,0
2026-04-22T07:00:00+00:00,BNBUSDT,untrained,5,42,5,trend_1.5,9233.877913328604,9225.592240020342,1.0008981183096646,14.383211441500029,0.0,False,0
2026-04-22T08:00:00+00:00,BNBUSDT,untrained,5,42,5,trend_1.5,9236.466891388072,9228.181218079812,1.0008978663414225,14.383211441500029,0.0,False,0
2026-04-22T09:00:00+00:00,BNBUSDT,untrained,5,42,5,trend_1.5,9235.891562930414,9227.605889622151,1.0008979223221466,14.383211441500029,0.0,False,0
2026-04-22T10:00:00+00:00,BNBUSDT,untrained,5,42,5,trend_1.5,9235.028570243925,9226.742896935662,1.0008980063063222,14.383211441500029,0.0,False,0
2026-04-22T11:00:00+00:00,BNBUSDT,untrained,5,42,2,grid_1.5,0.0,9217.50786836542,0.0,0.0,9235.028570243925,True,0
2026-04-22T12:00:00+00:00,BNBUSDT,untrained,5,42,5,trend_1.5,9226.336539284564,9218.041703953822,1.0008998478849562,14.338855449972126,9216.586117578583,False,0
2026-04-22T13:00:00+00:00,BNBUSDT,untrained,5,42,5,trend_1.5,0.0,9245.992603876106,0.0,0.0,9263.550990197045,False,0
2026-04-22T14:00:00+00:00,BNBUSDT,untrained,5,42,2,grid_1.5,0.0,9245.992603876106,0.0,0.0,0.0,True,0
2026-04-22T15:00:00+00:00,BNBUSDT,untrained,5,42,2,grid_1.5,0.0,9245.992603876106,0.0,0.0,0.0,True,0
2026-04-22T16:00:00+00:00,BNBUSDT,untrained,5,42,2,grid_1.5,1385.0374049762754,9242.744219380384,0.149851318190987,2.149344203873798,1386.898890581416,True,1
2026-04-22T17:00:00+00:00,BNBUSDT,untrained,5,42,2,grid_1.5,2770.7916275905773,9240.70039745472,0.2998464952238653,4.297933280993016,1386.4116329070575,True,1
2026-04-22T18:00:00+00:00,BNBUSDT,untrained,5,42,2,grid_1.5,4158.216157886854,9240.63376307317,0.4499925291383856,6.446047246677704,1386.105059618208,True,1
2026-04-22T19:00:00+00:00,BNBUSDT,untrained,5,42,2,grid_1.5,5535.489259787806,9230.425705448686,0.5997003211368926,8.594145722384422,1386.0950644609757,True,1
2026-04-22T20:00:00+00:00,BNBUSDT,untrained,5,42,2,grid_1.5,5509.363056791757,9204.299502452637,0.5985640792461933,8.594145722384422,0.0,True,0
2026-04-22T21:00:00+00:00,BNBUSDT,untrained,5,42,2,grid_1.5,5512.886656537935,9207.823102198816,0.5987176985645462,8.594145722384422,0.0,True,0
2026-04-22T22:00:00+00:00,BNBUSDT,untrained,5,42,2,grid_1.5,6881.551599492136,9193.933406357864,0.7484883015068773,10.752424374206463,1381.1734653298224,True,1
2026-04-22T23:00:00+00:00,BNBUSDT,untrained,5,42,2,grid_1.5,8228.110452161434,9160.023158062528,0.898263062241187,12.907447334245429,1379.0900109536797,True,1
2026-04-23T00:00:00+00:00,BNBUSDT,untrained,5,42,2,grid_1.5,9624.868076744197,9181.403305462201,1.0483003258356127,15.072534063210291,1374.0034737093793,True,1
2026-04-23T01:00:00+00:00,BNBUSDT,untrained,5,42,2,grid_1.5,9612.659324152995,9169.194552871,1.0483646375616646,15.072534063210291,0.0,True,0
2026-04-23T02:00:00+00:00,BNBUSDT,untrained,5,42,2,grid_1.5,10945.024567364178,9124.805233968602,1.1994803490840011,17.239788566736777,1375.3791829306501,True,1
2026-04-23T03:00:00+00:00,BNBUSDT,untrained,5,42,2,grid_1.5,12328.447876753735,9138.139037477771,1.349120190247896,19.396551096214182,1368.7207850952905,True,1
2026-04-23T04:00:00+00:00,BNBUSDT,untrained,5,42,2,grid_1.5,12339.697876389537,9149.389037113573,1.3486909154627482,19.396551096214182,0.0,True,0
2026-04-23T05:00:00+00:00,BNBUSDT,untrained,5,42,1,grid_1,12354.827186244585,9164.518346968622,1.3481152766016593,19.396551096214182,0.0,True,0
2026-04-23T06:00:00+00:00,BNBUSDT,untrained,5,42,1,grid_1,12354.439255222662,9164.130415946698,1.348130012829634,19.396551096214182,0.0,True,0
2026-04-23T07:00:00+00:00,BNBUSDT,untrained,5,42,1,grid_1,12330.387531863356,9140.078692587393,1.3490461019622626,19.396551096214182,0.0,True,0
2026-04-23T08:00:00+00:00,BNBUSDT,untrained,5,42,1,grid_1,13239.07729743429,9133.846581030328,1.4494525586766402,20.836799498613864,914.0078692587393,True,1
2026-04-23T09:00:00+00:00,BNBUSDT,untrained,5,42,1,grid_1,14097.40828943192,9077.879530266822,1.552940666642396,22.276065875692375,913.3846581030328,True,1
2026-04-23T10:00:00+00:00,BNBUSDT,untrained,5,42,5,trend_1.5,9059.329844165663,9037.063252086944,1.0024639190251963,14.343006624498372,23174.380031745713,False,0
2026-04-23T11:00:00+00:00,BNBUSDT,untrained,5,42,5,trend_1.5,9087.155277017187,9064.88868493847,1.0024563558199797,14.343006624498372,0.0,False,0
2026-04-23T12:00:00+00:00,BNBUSDT,untrained,5,42,5,trend_1.5,9103.506304569117,9081.2397124904,1.0024519330822301,14.343006624498372,0.0,False,0
2026-04-23T13:00:00+00:00,BNBUSDT,untrained,5,42,5,trend_1.5,9122.00878311472,9099.742191036003,1.002446947574037,14.343006624498372,0.0,False,0
2026-04-23T14:00:00+00:00,BNBUSDT,untrained,5,42,5,trend_1.5,9136.638649871707,9114.37205779299,1.0024430198742742,14.343006624498372,0.0,False,0
2026-04-23T15:00:00+00:00,BNBUSDT,untrained,5,42,5,trend_1.5,9175.79505795659,9153.528465877871,1.0024325692722456,14.343006624498372,0.0,False,0
2026-04-23T16:00:00+00:00,BNBUSDT,untrained,5,42,1,grid_1,0.0,9144.352670819915,0.0,0.0,9175.79505795659,True,0
2026-04-23T17:00:00+00:00,BNBUSDT,untrained,5,42,1,grid_1,1827.24826067677,9140.901526798538,0.19989803580312018,2.882640658605367,1828.8705341639832,True,2
2026-04-23T18:00:00+00:00,BNBUSDT,untrained,5,42,5,trend_1.5,9143.303832667863,9133.25068712322,1.0011007193264516,14.419113139152296,10967.235697322627,False,0
2026-04-23T19:00:00+00:00,BNBUSDT,untrained,5,42,5,trend_1.5,9169.258236318336,9159.205090773694,1.0010976002224001,14.419113139152296,0.0,False,0
2026-04-23T20:00:00+00:00,BNBUSDT,untrained,5,42,5,trend_1.5,9196.510360151335,9186.457214606691,1.001094344131779,14.419113139152296,0.0,False,0
2026-04-23T21:00:00+00:00,BNBUSDT,untrained,5,42,5,trend_1.5,9196.654551282725,9186.601405738083,1.0010943269551635,14.419113139152296,0.0,False,0
2026-04-23T22:00:00+00:00,BNBUSDT,untrained,5,42,5,trend_1.5,9207.613077268483,9197.559931723841,1.0010930231082231,14.419113139152296,0.0,False,0
2026-04-23T23:00:00+00:00,BNBUSDT,untrained,5,42,5,trend_1.5,9207.180503874306,9197.127358329666,1.0010930745169615,14.419113139152296,0.0,False,0
2026-04-24T00:00:00+00:00,BNBUSDT,untrained,5,42,5,trend_1.5,9227.078880006336,9217.025734461697,1.001090714709307,14.419113139152296,0.0,False,0
2026-04-24T01:00:00+00:00,BNBUSDT,untrained,5,42,1,grid_1,0.0,9207.79865558169,0.0,0.0,9227.078880006336,True,0
2026-04-24T02:00:00+00:00,BNBUSDT,untrained,5,42,0,grid_0.5,0.0,9207.79865558169,0.0,0.0,0.0,True,0
2026-04-24T03:00:00+00:00,BNBUSDT,untrained,5,42,2,grid_1.5,1378.8651042508827,9204.112791696982,0.14980967046544183,2.172775569642588,1381.1697983372535,True,1
2026-04-24T04:00:00+00:00,BNBUSDT,untrained,5,42,2,grid_1.5,1377.2572503293472,9202.504937775446,0.14966112592624986,2.172775569642588,0.0,True,0
2026-04-24T05:00:00+00:00,BNBUSDT,untrained,5,42,2,grid_1.5,1377.7787164660615,9203.02640391216,0.14970930822064954,2.172775569642588,0.0,True,0
2026-04-24T06:00:00+00:00,BNBUSDT,untrained,5,42,2,grid_1.5,1378.7564654724004,9204.004152918498,0.14979963530711907,2.172775569642588,0.0,True,0
2026-04-24T07:00:00+00:00,BNBUSDT,untrained,5,42,2,grid_1.5,2758.856398599792,9202.122862485177,0.29980651636884575,4.3446557458264445,1380.600622937775,True,1
2026-04-24T08:00:00+00:00,BNBUSDT,untrained,5,42,2,grid_1.5,4151.0112423248665,9212.578958408103,0.4505808049044005,6.516091991593725,1380.3184293727768,True,1
2026-04-24T09:00:00+00:00,BNBUSDT,untrained,5,42,2,grid_1.5,5509.196494791533,9187.495480269794,0.5996407297965554,8.68999557517159,1381.8868437612155,True,1
2026-04-24T10:00:00+00:00,BNBUSDT,untrained,5,42,2,grid_1.5,5517.104390764939,9195.4033762432,0.5999850321975722,8.68999557517159,0.0,True,0
2026-04-24T11:00:00+00:00,BNBUSDT,untrained,5,42,2,grid_1.5,6929.667870116176,9227.27703865152,0.7509981374883355,10.859846215508817,1379.31050643648,True,1
2026-04-24T12:00:00+00:00,BNBUSDT,untrained,5,42,2,grid_1.5,6934.663399375309,9232.272567910653,0.7511328709551613,10.859846215508817,0.0,True,0
2026-04-24T13:00:00+00:00,BNBUSDT,untrained,5,42,5,trend_1.5,9229.759124499591,9214.516339016353,1.0016542143854796,14.456510493381769,16166.012740029171,False,0
2026-04-24T14:00:00+00:00,BNBUSDT,untrained,5,42,2,grid_1.5,0.0,9205.286579891854,0.0,0.0,9229.759124499591,True,0
2026-04-24T15:00:00+00:00,BNBUSDT,untrained,5,42,2,grid_1.5,0.0,9205.286579891854,0.0,0.0,0.0,True,0
2026-04-24T16:00:00+00:00,BNBUSDT,untrained,5,42,2,grid_1.5,0.0,9205.286579891854,0.0,0.0,0.0,True,0
2026-04-24T17:00:00+00:00,BNBUSDT,untrained,5,42,2,grid_1.5,0.0,9205.286579891854,0.0,0.0,0.0,True,0
2026-04-24T18:00:00+00:00,BNBUSDT,untrained,5,42,2,grid_1.5,0.0,9205.286579891854,0.0,0.0,0.0,True,0
2026-04-24T19:00:00+00:00,BNBUSDT,untrained,5,42,2,grid_1.5,0.0,9205.286579891854,0.0,0.0,0.0,True,0
2026-04-24T20:00:00+00:00,BNBUSDT,untrained,5,42,0,grid_0.5,0.0,9205.286579891854,0.0,0.0,0.0,True,0
2026-04-24T21:00:00+00:00,BNBUSDT,untrained,5,42,0,grid_0.5,0.0,9205.286579891854,0.0,0.0,0.0,True,0
2026-04-24T22:00:00+00:00,BNBUSDT,untrained,5,42,0,grid_0.5,0.0,9205.286579891854,0.0,0.0,0.0,True,0
2026-04-24T23:00:00+00:00,BNBUSDT,untrained,5,42,0,grid_0.5,0.0,9205.286579891854,0.0,0.0,0.0,True,0
2026-04-25T00:00:00+00:00,BNBUSDT,untrained,5,42,0,grid_0.5,0.0,9205.286579891854,0.0,0.0,0.0,True,0
2026-04-25T01:00:00+00:00,BNBUSDT,untrained,5,42,5,trend_1.5,9219.852114530593,9211.568277137347,1.0008992863260653,14.472956352082432,9204.366051233865,False,0
2026-04-25T02:00:00+00:00,BNBUSDT,untrained,5,42,5,trend_1.5,9229.114806595924,9220.83096920268,1.0008983829571232,14.472956352082432,0.0,False,0
2026-04-25T03:00:00+00:00,BNBUSDT,untrained,5,42,0,grid_0.5,0.0,9211.601854396084,0.0,0.0,9229.114806595924,True,0
2026-04-25T04:00:00+00:00,BNBUSDT,untrained,5,42,5,trend_1.5,9214.726486969887,9206.436966461115,1.0009004048514067,14.449259854436653,9210.680694210645,False,0
2026-04-25T05:00:00+00:00,BNBUSDT,untrained,5,42,0,grid_0.5,0.0,9197.222239974146,0.0,0.0,9214.726486969887,True,0
2026-04-25T06:00:00+00:00,BNBUSDT,untrained,5,42,0,grid_0.5,0.0,9197.222239974146,0.0,0.0,0.0,True,0
2026-04-25T07:00:00+00:00,BNBUSDT,untrained,5,42,5,trend_1.5,9185.482489687849,9177.205909394097,1.0009018627647093,14.42670408306557,9196.302517750148,False,0
2026-04-25T08:00:00+00:00,BNBUSDT,untrained,5,42,5,trend_1.5,9205.24707428165,9196.970493987897,1.0008999246326997,14.42670408306557,0.0,False,0
2026-04-25T09:00:00+00:00,BNBUSDT,untrained,5,42,5,trend_1.5,9199.18785856676,9190.911278273008,1.0009005179185353,14.42670408306557,0.0,False,0
2026-04-25T10:00:00+00:00,BNBUSDT,untrained,5,42,5,trend_1.5,9204.092937955003,9195.816357661251,1.0009000375792472,14.42670408306557,0.0,False,0
2026-04-25T11:00:00+00:00,BNBUSDT,untrained,5,42,5,trend_1.5,0.0,9141.151824076449,0.0,0.0,9158.586991361562,False,0
2026-04-25T12:00:00+00:00,BNBUSDT,untrained,5,42,5,trend_1.5,9115.322618552147,9107.09649602566,1.0009032651109029,14.401786324794443,9140.237708894041,False,0
2026-04-25T13:00:00+00:00,BNBUSDT,untrained,5,42,1,grid_1,0.0,9097.981173407108,0.0,0.0,9115.322618552147,True,0
2026-04-25T14:00:00+00:00,BNBUSDT,untrained,5,42,1,grid_1,0.0,9097.981173407108,0.0,0.0,0.0,True,0
2026-04-25T15:00:00+00:00,BNBUSDT,untrained,5,42,1,grid_1,908.6827096597873,9095.955967608845,0.09989963813541446,1.442559587337536,909.7981173407109,True,1
2026-04-25T16:00:00+00:00,BNBUSDT,untrained,5,42,8,swing_1.5,9089.415300771612,9080.321167286702,1.0010015211265515,14.43864420633437,10003.72908167187,False,0
2026-04-25T17:00:00+00:00,BNBUSDT,untrained,5,42,8,swing_1.5,9058.949761496247,9049.855628011335,1.0010048926589241,14.43864420633437,0.0,False,0
2026-04-25T18:00:00+00:00,BNBUSDT,untrained,5,42,8,swing_1.5,9077.719998964483,9068.625865479571,1.0010028127325805,14.43864420633437,0.0,False,0
2026-04-25T19:00:00+00:00,BNBUSDT,untrained,5,42,5,trend_1.5,9066.997866041142,9049.759289625834,1.0019048657388123,14.422737037573796,18145.439001857507,False,0
2026-04-25T20:00:00+00:00,BNBUSDT,untrained,5,42,8,swing_1.5,9058.49821085937,9041.287334608596,1.0019035869134358,14.393876361939476,18115.852179738013,False,0
2026-04-25T21:00:00+00:00,BNBUSDT,untrained,5,42,5,trend_1.5,9041.388762299284,9024.194009616012,1.0019054059193486,14.365091773592763,18098.881416734504,False,0
2026-04-25T22:00:00+00:00,BNBUSDT,untrained,5,42,5,trend_1.5,9043.830827900796,9026.636075217524,1.0019048904309413,14.365091773592763,0.0,False,0
2026-04-25T23:00:00+00:00,BNBUSDT,untrained,5,42,5,trend_1.5,9028.89113245626,9011.696379772986,1.0019080483805323,14.365091773592763,0.0,False,0
2026-04-26T00:00:00+00:00,BNBUSDT,untrained,5,42,5,trend_1.5,9032.913358152864,9015.718605469592,1.0019071971337747,14.365091773592763,0.0,False,0
2026-04-26T01:00:00+00:00,BNBUSDT,untrained,5,42,5,trend_1.5,9046.703846255514,9029.509093572242,1.0019042843309733,14.365091773592763,0.0,False,0
2026-04-26T02:00:00+00:00,BNBUSDT,untrained,5,42,5,trend_1.5,9049.145911857026,9031.951159173754,1.0019037694491746,14.365091773592763,0.0,False,0
2026-04-26T03:00:00+00:00,BNBUSDT,untrained,5,42,5,trend_1.5,9030.327641633618,9013.132888950346,1.0019077442766158,14.365091773592763,0.0,False,0
2026-04-26T04:00:00+00:00,BNBUSDT,untrained,5,42,1,grid_1,0.0,9004.102561308711,0.0,0.0,9030.327641633618,True,0
2026-04-26T05:00:00+00:00,BNBUSDT,untrained,5,42,1,grid_1,0.0,9004.102561308711,0.0,0.0,0.0,True,0
2026-04-26T06:00:00+00:00,BNBUSDT,untrained,5,42,1,grid_1,0.0,9004.102561308711,0.0,0.0,0.0,True,0
2026-04-26T07:00:00+00:00,BNBUSDT,untrained,5,42,1,grid_1,0.0,9004.102561308711,0.0,0.0,0.0,True,0
2026-04-26T08:00:00+00:00,BNBUSDT,untrained,5,42,5,trend_1.5,8975.873136744702,8967.770344849778,1.0009035458740954,14.233861618688076,9003.202151052581,False,0
2026-04-26T09:00:00+00:00,BNBUSDT,untrained,5,42,1,grid_1,0.0,8958.794471713032,0.0,0.0,8975.873136744702,True,0
2026-04-26T10:00:00+00:00,BNBUSDT,untrained,5,42,5,trend_1.5,8954.211630679682,8946.149611534589,1.0009011719561114,14.180621485302929,8957.898592265861,False,0
2026-04-26T11:00:00+00:00,BNBUSDT,untrained,5,42,1,grid_1,0.0,8937.195399903909,0.0,0.0,8954.211630679682,True,0
2026-04-26T12:00:00+00:00,BNBUSDT,untrained,5,42,5,trend_1.5,8914.121274953714,8906.07869281334,1.0009030441362328,14.127646758092641,8936.301680363918,False,0
2026-04-26T13:00:00+00:00,BNBUSDT,untrained,5,42,1,grid_1,0.0,8897.164571538386,0.0,0.0,8914.121274953714,True,0
2026-04-26T14:00:00+00:00,BNBUSDT,untrained,5,42,5,trend_1.5,8907.1244862617,8899.117927863772,1.0008997024719561,14.090430104504858,8896.274855081232,False,0
2026-04-26T15:00:00+00:00,BNBUSDT,untrained,5,42,5,trend_1.5,8909.238050777376,8901.231492379447,1.00089948884093,14.090430104504858,0.0,False,0
2026-04-26T16:00:00+00:00,BNBUSDT,untrained,5,42,0,grid_0.5,0.0,8892.32225432867,0.0,0.0,8909.238050777376,True,0
2026-04-26T17:00:00+00:00,BNBUSDT,untrained,5,42,0,grid_0.5,0.0,8892.32225432867,0.0,0.0,0.0,True,0
2026-04-26T18:00:00+00:00,BNBUSDT,untrained,5,42,0,grid_0.5,0.0,8892.32225432867,0.0,0.0,0.0,True,0
2026-04-26T19:00:00+00:00,BNBUSDT,untrained,5,42,2,grid_1.5,0.0,8892.32225432867,0.0,0.0,0.0,True,0
2026-04-26T20:00:00+00:00,BNBUSDT,untrained,5,42,2,grid_1.5,0.0,8892.32225432867,0.0,0.0,0.0,True,0
2026-04-26T21:00:00+00:00,BNBUSDT,untrained,5,42,2,grid_1.5,0.0,8892.32225432867,0.0,0.0,0.0,True,0
2026-04-26T22:00:00+00:00,BNBUSDT,untrained,5,42,2,grid_1.5,0.0,8892.32225432867,0.0,0.0,0.0,True,0
2026-04-26T23:00:00+00:00,BNBUSDT,untrained,5,42,2,grid_1.5,0.0,8892.32225432867,0.0,0.0,0.0,True,0
2026-04-27T00:00:00+00:00,BNBUSDT,untrained,5,42,2,grid_1.5,0.0,8892.32225432867,0.0,0.0,0.0,True,0
2026-04-27T01:00:00+00:00,BNBUSDT,untrained,5,42,2,grid_1.5,0.0,8892.32225432867,0.0,0.0,0.0,True,0
2026-04-27T02:00:00+00:00,BNBUSDT,untrained,5,42,2,grid_1.5,0.0,8892.32225432867,0.0,0.0,0.0,True,0
2026-04-27T03:00:00+00:00,BNBUSDT,untrained,5,42,2,grid_1.5,0.0,8892.32225432867,0.0,0.0,0.0,True,0
2026-04-27T04:00:00+00:00,BNBUSDT,untrained,5,42,2,grid_1.5,0.0,8892.32225432867,0.0,0.0,0.0,True,0
2026-04-27T05:00:00+00:00,BNBUSDT,untrained,5,42,2,grid_1.5,12.001912617902262,8901.656470270274,0.001348278565678895,0.019074877015102132,2667.6966762986012,True,1
2026-04-27T06:00:00+00:00,BNBUSDT,untrained,5,42,5,trend_1.5,8874.030054916097,8866.007452345882,1.0009048720761105,14.14616386621622,8912.76821724115,False,0
2026-04-27T07:00:00+00:00,BNBUSDT,untrained,5,42,5,trend_1.5,8853.659578948746,8845.636976378531,1.000906955891547,14.14616386621622,0.0,False,0
2026-04-27T08:00:00+00:00,BNBUSDT,untrained,5,42,5,trend_1.5,8884.356754538434,8876.33415196822,1.0009038193507436,14.14616386621622,0.0,False,0
2026-04-27T09:00:00+00:00,BNBUSDT,untrained,5,42,5,trend_1.5,8890.722528278233,8882.699925708017,1.0009031716299452,14.14616386621622,0.0,False,0
2026-04-27T10:00:00+00:00,BNBUSDT,untrained,5,42,5,trend_1.5,8880.961675210543,8872.939072640327,1.0009041651818567,14.14616386621622,0.0,False,0
2026-04-27T11:00:00+00:00,BNBUSDT,untrained,5,42,5,trend_1.5,8875.303209664056,8867.28060709384,1.0009047421555373,14.14616386621622,0.0,False,0
2026-04-27T12:00:00+00:00,BNBUSDT,untrained,5,42,5,trend_1.5,8852.527885839449,8844.505283269233,1.000907071940518,14.14616386621622,0.0,False,0
2026-04-27T13:00:00+00:00,BNBUSDT,untrained,5,42,5,trend_1.5,8848.284036679584,8840.261434109369,1.0009075073887816,14.14616386621622,0.0,False,0
2026-04-27T14:00:00+00:00,BNBUSDT,untrained,5,42,1,grid_1,0.0,8831.413150072689,0.0,0.0,8848.284036679584,True,0
2026-04-27T15:00:00+00:00,BNBUSDT,untrained,5,42,1,grid_1,883.0199312046254,8830.408624955038,0.09999762963507496,1.4220696544023985,883.141315007269,True,1
2026-04-27T16:00:00+00:00,BNBUSDT,untrained,5,42,8,swing_1.5,8837.488566549931,8828.659061897131,1.0010000957779541,14.219611531053792,9712.545515297168,False,0
2026-04-27T17:00:00+00:00,BNBUSDT,untrained,5,42,8,swing_1.5,8859.671160538375,8850.841655885575,1.0009975892684657,14.219611531053792,0.0,False,0
2026-04-27T18:00:00+00:00,BNBUSDT,untrained,5,42,8,swing_1.5,8865.785593496728,8856.95608884393,1.0009969005789607,14.219611531053792,0.0,False,0
2026-04-27T19:00:00+00:00,BNBUSDT,untrained,5,42,1,grid_1,0.0,8848.090303250434,0.0,0.0,8865.785593496728,True,0
2026-04-27T20:00:00+00:00,BNBUSDT,untrained,5,42,1,grid_1,0.0,8848.090303250434,0.0,0.0,0.0,True,0
2026-04-27T21:00:00+00:00,BNBUSDT,untrained,5,42,1,grid_1,0.0,8848.090303250434,0.0,0.0,0.0,True,0
2026-04-27T22:00:00+00:00,BNBUSDT,untrained,5,42,1,grid_1,0.0,8848.090303250434,0.0,0.0,0.0,True,0
2026-04-27T23:00:00+00:00,BNBUSDT,untrained,5,42,1,grid_1,0.0,8848.090303250434,0.0,0.0,0.0,True,0
2026-04-28T00:00:00+00:00,BNBUSDT,untrained,5,42,1,grid_1,0.0,8848.090303250434,0.0,0.0,0.0,True,0
2026-04-28T01:00:00+00:00,BNBUSDT,untrained,5,42,1,grid_1,0.0,8848.090303250434,0.0,0.0,0.0,True,0
2026-04-28T02:00:00+00:00,BNBUSDT,untrained,5,42,1,grid_1,0.0,8848.090303250434,0.0,0.0,0.0,True,0
2026-04-28T03:00:00+00:00,BNBUSDT,untrained,5,42,1,grid_1,0.0,8848.090303250434,0.0,0.0,0.0,True,0
2026-04-28T04:00:00+00:00,BNBUSDT,untrained,5,42,1,grid_1,0.0,8848.090303250434,0.0,0.0,0.0,True,0
2026-04-28T05:00:00+00:00,BNBUSDT,untrained,5,42,5,trend_1.5,8836.456063874299,8828.493667410405,1.0009018975109294,14.143987297117725,8847.205494220108,False,0
2026-04-28T06:00:00+00:00,BNBUSDT,untrained,5,42,5,trend_1.5,8813.967124071882,8806.004727607988,1.0009042007936846,14.143987297117725,0.0,False,0
2026-04-28T07:00:00+00:00,BNBUSDT,untrained,5,42,5,trend_1.5,8829.52551009871,8821.563113634818,1.0009026060757402,14.143987297117725,0.0,False,0
2026-04-28T08:00:00+00:00,BNBUSDT,untrained,5,42,5,trend_1.5,8833.485826541904,8825.52343007801,1.0009022010452953,14.143987297117725,0.0,False,0
2026-04-28T09:00:00+00:00,BNBUSDT,untrained,5,42,5,trend_1.5,8811.27976648543,8803.317370021536,1.000904476815866,14.143987297117725,0.0,False,0
2026-04-28T10:00:00+00:00,BNBUSDT,untrained,5,42,5,trend_1.5,8807.602329788178,8799.639933324284,1.0009048548036312,14.143987297117725,0.0,False,0
2026-04-28T11:00:00+00:00,BNBUSDT,untrained,5,42,5,trend_1.5,0.0,8770.485356628355,0.0,0.0,8787.234988080329,False,0
2026-04-28T12:00:00+00:00,BNBUSDT,untrained,5,42,5,trend_1.5,8789.492762083863,8781.600202311434,1.0008987609992028,14.102449639129517,8769.608308092691,False,0
2026-04-28T13:00:00+00:00,BNBUSDT,untrained,5,42,5,trend_1.5,8774.826214459168,8766.93365468674,1.0009002645717764,14.102449639129517,0.0,False,0
2026-04-28T14:00:00+00:00,BNBUSDT,untrained,5,42,5,trend_1.5,8775.813385933907,8767.920826161479,1.0009001632118848,14.102449639129517,0.0,False,0
2026-04-28T15:00:00+00:00,BNBUSDT,untrained,5,42,5,trend_1.5,8783.287684242647,8775.395124470218,1.0008993965126904,14.102449639129517,0.0,False,0
2026-04-28T16:00:00+00:00,BNBUSDT,untrained,5,42,5,trend_1.5,8792.595301004472,8784.702741232044,1.0008984435791304,14.102449639129517,0.0,False,0
2026-04-28T17:00:00+00:00,BNBUSDT,untrained,5,42,5,trend_1.5,8793.159398990036,8785.26683921761,1.0008983858904767,14.102449639129517,0.0,False,0
2026-04-28T18:00:00+00:00,BNBUSDT,untrained,5,42,5,trend_1.5,8796.120913414254,8788.228353641827,1.0008980831465486,14.102449639129517,0.0,False,0
2026-04-28T19:00:00+00:00,BNBUSDT,untrained,5,42,1,grid_1,0.0,8779.432232728414,0.0,0.0,8796.120913414254,True,0
2026-04-28T20:00:00+00:00,BNBUSDT,untrained,5,42,5,trend_1.5,8780.101369582437,8772.200758516205,1.0009006418439024,14.064364339050485,8778.55428950514,False,0
2026-04-28T21:00:00+00:00,BNBUSDT,untrained,5,42,1,grid_1,0.0,8763.420657146622,0.0,0.0,8780.101369582437,True,0
2026-04-28T22:00:00+00:00,BNBUSDT,untrained,5,42,1,grid_1,0.0,8763.420657146622,0.0,0.0,0.0,True,0
2026-04-28T23:00:00+00:00,BNBUSDT,untrained,5,42,5,trend_1.5,8780.962473499421,8773.076271250056,1.0008989095735106,14.059662914897801,8762.544315080906,False,0
2026-04-29T00:00:00+00:00,BNBUSDT,untrained,5,42,1,grid_1,0.0,8764.295308776556,0.0,0.0,8780.962473499421,True,0
2026-04-29T01:00:00+00:00,BNBUSDT,untrained,5,42,5,trend_1.5,8765.10253320903,8757.215543860662,1.0009006275235395,14.030449694597628,8763.418879245679,False,0
2026-04-29T02:00:00+00:00,BNBUSDT,untrained,5,42,1,grid_1,0.0,8748.450441327454,0.0,0.0,8765.10253320903,True,0
2026-04-29T03:00:00+00:00,BNBUSDT,untrained,5,42,5,trend_1.5,8773.78272622188,8765.909995669728,1.000898107618723,14.014507988534271,8747.575596283321,False,0
2026-04-29T04:00:00+00:00,BNBUSDT,untrained,5,42,5,trend_1.5,8799.148985681128,8791.276255128976,1.000895516228097,14.014507988534271,0.0,False,0
2026-04-29T05:00:00+00:00,BNBUSDT,untrained,5,42,5,trend_1.5,8792.001586606975,8784.128856054824,1.000896244884514,14.014507988534271,0.0,False,0
2026-04-29T06:00:00+00:00,BNBUSDT,untrained,5,42,5,trend_1.5,8773.922871301766,8766.050140749614,1.0008980932604474,14.014507988534271,0.0,False,0
2026-04-29T07:00:00+00:00,BNBUSDT,untrained,5,42,0,grid_0.5,0.0,8757.276217878312,0.0,0.0,8773.922871301766,True,0
2026-04-29T08:00:00+00:00,BNBUSDT,untrained,5,42,2,grid_1.5,0.0,8757.276217878312,0.0,0.0,0.0,True,0
2026-04-29T09:00:00+00:00,BNBUSDT,untrained,5,42,2,grid_1.5,0.0,8757.276217878312,0.0,0.0,0.0,True,0
2026-04-29T10:00:00+00:00,BNBUSDT,untrained,5,42,2,grid_1.5,0.0,8757.276217878312,0.0,0.0,0.0,True,0
2026-04-29T11:00:00+00:00,BNBUSDT,untrained,5,42,2,grid_1.5,0.0,8757.276217878312,0.0,0.0,0.0,True,0
2026-04-29T12:00:00+00:00,BNBUSDT,untrained,5,42,2,grid_1.5,1314.601353898815,8756.972547662699,0.15012052929750155,2.107138157816912,1313.591432681747,True,1
2026-04-29T13:00:00+00:00,BNBUSDT,untrained,5,42,2,grid_1.5,3938.5197052073613,8751.172042908136,0.45005625371050717,6.33029510456525,2627.0917642988097,True,2
2026-04-29T14:00:00+00:00,BNBUSDT,untrained,5,42,2,grid_1.5,5245.4337129210135,8744.097568379133,0.5998827977274439,8.444985289586743,1312.6758064362205,True,1
2026-04-29T15:00:00+00:00,BNBUSDT,untrained,5,42,2,grid_1.5,7817.370024753757,8690.181380427623,0.8995635053556366,12.680037671333405,2623.22927051374,True,2
2026-04-29T16:00:00+00:00,BNBUSDT,untrained,5,42,5,trend_1.5,8706.507478479089,8690.869814230087,1.0017993209636389,14.094357532383222,16506.682387043336,False,0
2026-04-29T17:00:00+00:00,BNBUSDT,untrained,5,42,5,trend_1.5,8737.374121475006,8721.736457226005,1.0017929530805814,14.094357532383222,0.0,False,0
2026-04-29T18:00:00+00:00,BNBUSDT,untrained,5,42,5,trend_1.5,0.0,8604.897862579614,0.0,0.0,8629.164691520135,False,0
2026-04-29T19:00:00+00:00,BNBUSDT,untrained,5,42,5,trend_1.5,8597.72901640363,8589.985468817094,1.000901462245151,14.018569754942249,8604.037372793355,False,0
2026-04-29T20:00:00+00:00,BNBUSDT,untrained,5,42,5,trend_1.5,8626.88764149391,8619.144093907375,1.0008984125920355,14.018569754942249,0.0,False,0
2026-04-29T21:00:00+00:00,BNBUSDT,untrained,5,42,5,trend_1.5,8652.121067052807,8644.377519466272,1.000895790075005,14.018569754942249,0.0,False,0
2026-04-29T22:00:00+00:00,BNBUSDT,untrained,5,42,1,grid_1,0.0,8635.72539839922,0.0,0.0,8652.121067052807,True,0
2026-04-29T23:00:00+00:00,BNBUSDT,untrained,5,42,1,grid_1,0.0,8635.72539839922,0.0,0.0,0.0,True,0
2026-04-30T00:00:00+00:00,BNBUSDT,untrained,5,42,1,grid_1,0.0,8635.72539839922,0.0,0.0,0.0,True,0
2026-04-30T01:00:00+00:00,BNBUSDT,untrained,5,42,1,grid_1,0.0,8635.72539839922,0.0,0.0,0.0,True,0
2026-04-30T02:00:00+00:00,BNBUSDT,untrained,5,42,5,trend_1.5,8609.76169943374,8601.990410147722,1.0009034291966719,13.944514680909158,8634.861825859378,False,0
2026-04-30T03:00:00+00:00,BNBUSDT,untrained,5,42,5,trend_1.5,8616.03673104015,8608.265441754133,1.0009027706381268,13.944514680909158,0.0,False,0
2026-04-30T04:00:00+00:00,BNBUSDT,untrained,5,42,5,trend_1.5,8571.135393767623,8563.364104481605,1.000907504246135,13.944514680909158,0.0,False,0
2026-04-30T05:00:00+00:00,BNBUSDT,untrained,5,42,5,trend_1.5,8594.70162357836,8586.930334292341,1.0009050136641942,13.944514680909158,0.0,False,0
2026-04-30T06:00:00+00:00,BNBUSDT,untrained,5,42,5,trend_1.5,8584.801018154914,8577.029728868894,1.00090605833624,13.944514680909158,0.0,False,0
2026-04-30T07:00:00+00:00,BNBUSDT,untrained,5,42,5,trend_1.5,8610.737815461405,8602.966526175385,1.0009033266911331,13.944514680909158,0.0,False,0
2026-04-30T08:00:00+00:00,BNBUSDT,untrained,5,42,5,trend_1.5,8598.327197395396,8590.555908109376,1.0009046317105839,13.944514680909158,0.0,False,0
2026-04-30T09:00:00+00:00,BNBUSDT,untrained,5,42,5,trend_1.5,8602.37110665286,8594.59981736684,1.000904206065571,13.944514680909158,0.0,False,0
2026-04-30T10:00:00+00:00,BNBUSDT,untrained,5,42,5,trend_1.5,8587.589921091096,8579.818631805076,1.0009057638185046,13.944514680909158,0.0,False,0
2026-04-30T11:00:00+00:00,BNBUSDT,untrained,5,42,5,trend_1.5,8584.661573008105,8576.890283722085,1.0009060730671546,13.944514680909158,0.0,False,0
2026-04-30T12:00:00+00:00,BNBUSDT,untrained,5,42,5,trend_1.5,8579.780992869786,8572.009703583766,1.0009065889511033,13.944514680909158,0.0,False,0
2026-04-30T13:00:00+00:00,BNBUSDT,untrained,5,42,5,trend_1.5,8584.243237567678,8576.471948281658,1.0009061172627722,13.944514680909158,0.0,False,0
2026-04-30T14:00:00+00:00,BNBUSDT,untrained,5,42,5,trend_1.5,0.0,8548.976956043434,0.0,0.0,8565.313558888343,False,0
2026-04-30T15:00:00+00:00,BNBUSDT,untrained,5,42,5,trend_1.5,8557.413043178376,8549.719818815633,1.0008998218100449,13.867141538127331,8548.12205834783,False,0
2026-04-30T16:00:00+00:00,BNBUSDT,untrained,5,42,5,trend_1.5,8546.73534419402,8539.042119831274,1.0009009469978931,13.867141538127331,0.0,False,0
2026-04-30T17:00:00+00:00,BNBUSDT,untrained,5,42,5,trend_1.5,8557.551714593757,8549.858490231014,1.0008998072157023,13.867141538127331,0.0,False,0
2026-04-30T18:00:00+00:00,BNBUSDT,untrained,5,42,5,trend_1.5,8563.791928285915,8556.09870392317,1.0008991509599132,13.867141538127331,0.0,False,0
2026-04-30T19:00:00+00:00,BNBUSDT,untrained,5,42,5,trend_1.5,8576.133684254848,8568.440459892105,1.0008978558465516,13.867141538127331,0.0,False,0
2026-04-30T20:00:00+00:00,BNBUSDT,untrained,5,42,5,trend_1.5,8566.288013762778,8558.594789400033,1.0008988887255503,13.867141538127331,0.0,False,0
2026-04-30T21:00:00+00:00,BNBUSDT,untrained,5,42,5,trend_1.5,8542.297858901817,8534.604634539071,1.0009014154365876,13.867141538127331,0.0,False,0
2026-04-30T22:00:00+00:00,BNBUSDT,untrained,5,42,5,trend_1.5,8529.40141727136,8521.708192908614,1.0009027796057541,13.867141538127331,0.0,False,0
2026-04-30T23:00:00+00:00,BNBUSDT,untrained,5,42,5,trend_1.5,8533.561559732798,8525.868335370053,1.0009023391002685,13.867141538127331,0.0,False,0
2026-05-01T00:00:00+00:00,BNBUSDT,untrained,5,42,5,trend_1.5,8536.196316625043,8528.503092262297,1.0009020603357377,13.867141538127331,0.0,False,0
2026-05-01T01:00:00+00:00,BNBUSDT,untrained,5,42,5,trend_1.5,8563.098571209008,8555.405346846264,1.0008992238299474,13.867141538127331,0.0,False,0
2026-05-01T02:00:00+00:00,BNBUSDT,untrained,5,42,5,trend_1.5,8558.522414501425,8550.829190138682,1.0008997050685582,13.867141538127331,0.0,False,0
2026-05-01T03:00:00+00:00,BNBUSDT,untrained,5,42,5,trend_1.5,8576.827041331755,8569.133816969012,1.000897783198053,13.867141538127331,0.0,False,0
2026-05-01T04:00:00+00:00,BNBUSDT,untrained,5,42,2,grid_1.5,0.0,8560.55698992768,0.0,0.0,8576.827041331755,True,0
2026-05-01T05:00:00+00:00,BNBUSDT,untrained,5,42,2,grid_1.5,0.0,8560.55698992768,0.0,0.0,0.0,True,0
2026-05-01T06:00:00+00:00,BNBUSDT,untrained,5,42,2,grid_1.5,0.0,8560.55698992768,0.0,0.0,0.0,True,0
2026-05-01T07:00:00+00:00,BNBUSDT,untrained,5,42,2,grid_1.5,0.0,8560.55698992768,0.0,0.0,0.0,True,0
2026-05-01T08:00:00+00:00,BNBUSDT,untrained,5,42,2,grid_1.5,0.0,8560.55698992768,0.0,0.0,0.0,True,0
2026-05-01T09:00:00+00:00,BNBUSDT,untrained,5,42,2,grid_1.5,0.0,8560.55698992768,0.0,0.0,0.0,True,0
2026-05-01T10:00:00+00:00,BNBUSDT,untrained,5,42,2,grid_1.5,0.0,8560.55698992768,0.0,0.0,0.0,True,0
2026-05-01T11:00:00+00:00,BNBUSDT,untrained,5,42,2,grid_1.5,0.0,8560.55698992768,0.0,0.0,0.0,True,0
2026-05-01T12:00:00+00:00,BNBUSDT,untrained,5,42,0,grid_0.5,0.0,8560.55698992768,0.0,0.0,0.0,True,0
2026-05-01T13:00:00+00:00,BNBUSDT,untrained,5,42,0,grid_0.5,0.0,8560.55698992768,0.0,0.0,0.0,True,0
2026-05-01T14:00:00+00:00,BNBUSDT,untrained,5,42,2,grid_1.5,0.0,8560.55698992768,0.0,0.0,0.0,True,0
2026-05-01T15:00:00+00:00,BNBUSDT,untrained,5,42,2,grid_1.5,0.0,8560.55698992768,0.0,0.0,0.0,True,0
2026-05-01T16:00:00+00:00,BNBUSDT,untrained,5,42,2,grid_1.5,0.0,8560.55698992768,0.0,0.0,0.0,True,0
2026-05-01T17:00:00+00:00,BNBUSDT,untrained,5,42,2,grid_1.5,0.0,8560.55698992768,0.0,0.0,0.0,True,0
2026-05-01T18:00:00+00:00,BNBUSDT,untrained,5,42,2,grid_1.5,0.0,8560.55698992768,0.0,0.0,0.0,True,0
2026-05-01T19:00:00+00:00,BNBUSDT,untrained,5,42,2,grid_1.5,0.0,8560.55698992768,0.0,0.0,0.0,True,0
2026-05-01T20:00:00+00:00,BNBUSDT,untrained,5,42,2,grid_1.5,0.0,8560.55698992768,0.0,0.0,0.0,True,0
2026-05-01T21:00:00+00:00,BNBUSDT,untrained,5,42,2,grid_1.5,0.0,8560.55698992768,0.0,0.0,0.0,True,0
2026-05-01T22:00:00+00:00,BNBUSDT,untrained,5,42,2,grid_1.5,1282.512393292082,8557.70175118212,0.14986645136527713,2.0849452852113894,1284.083548489152,True,1
2026-05-01T23:00:00+00:00,BNBUSDT,untrained,5,42,2,grid_1.5,1282.9502318019765,8558.139589692015,0.14990994460376014,2.0849452852113894,0.0,True,0
2026-05-02T00:00:00+00:00,BNBUSDT,untrained,5,42,5,trend_1.5,8564.515204802146,8555.53078475358,1.001050130059093,13.906594363657563,9840.234007535022,False,0
2026-05-02T01:00:00+00:00,BNBUSDT,untrained,5,42,5,trend_1.5,8563.819875083964,8554.835455035396,1.0010502154127674,13.906594363657563,0.0,False,0
2026-05-02T02:00:00+00:00,BNBUSDT,untrained,5,42,5,trend_1.5,8567.991853393061,8559.007433344494,1.0010497034987451,13.906594363657563,0.0,False,0
2026-05-02T03:00:00+00:00,BNBUSDT,untrained,5,42,5,trend_1.5,8569.104380942154,8560.119960893588,1.0010495670726123,13.906594363657563,0.0,False,0
2026-05-02T04:00:00+00:00,BNBUSDT,untrained,5,42,5,trend_1.5,8552.694599593038,8543.71017954447,1.0010515829610043,13.906594363657563,0.0,False,0
2026-05-02T05:00:00+00:00,BNBUSDT,untrained,5,42,5,trend_1.5,8555.47591846577,8546.491498417203,1.00105124074016,13.906594363657563,0.0,False,0
2026-05-02T06:00:00+00:00,BNBUSDT,untrained,5,42,5,trend_1.5,8569.382512829427,8560.39809278086,1.00104953297162,13.906594363657563,0.0,False,0
2026-05-02T07:00:00+00:00,BNBUSDT,untrained,5,42,5,trend_1.5,8565.210534520329,8556.226114471763,1.0010500447192916,13.906594363657563,0.0,False,0
2026-05-02T08:00:00+00:00,BNBUSDT,untrained,5,42,5,trend_1.5,8562.707347534872,8553.722927486306,1.0010503520075096,13.906594363657563,0.0,False,0
2026-05-02T09:00:00+00:00,BNBUSDT,untrained,5,42,5,trend_1.5,8561.455754042141,8552.471333993577,1.0010505057190726,13.906594363657563,0.0,False,0
2026-05-02T10:00:00+00:00,BNBUSDT,untrained,5,42,5,trend_1.5,8563.124545365781,8554.140125317215,1.0010503007803175,13.906594363657563,0.0,False,0
2026-05-02T11:00:00+00:00,BNBUSDT,untrained,5,42,5,trend_1.5,8561.733885929414,8552.74946588085,1.0010504715570596,13.906594363657563,0.0,False,0
2026-05-02T12:00:00+00:00,BNBUSDT,untrained,5,42,5,trend_1.5,8564.932402633056,8555.947982584492,1.0010500788535475,13.906594363657563,0.0,False,0
2026-05-02T13:00:00+00:00,BNBUSDT,untrained,5,42,5,trend_1.5,8582.871909362175,8573.887489313609,1.0010478817292348,13.906594363657563,0.0,False,0
2026-05-02T14:00:00+00:00,BNBUSDT,untrained,5,42,5,trend_1.5,8577.170205673076,8568.18578562451,1.0010485790426766,13.906594363657563,0.0,False,0
2026-05-02T15:00:00+00:00,BNBUSDT,untrained,5,42,5,trend_1.5,8597.334767500379,8588.350347451813,1.001046117087111,13.906594363657563,0.0,False,0
2026-05-02T16:00:00+00:00,BNBUSDT,untrained,5,42,5,trend_1.5,8603.036471189478,8594.052051140912,1.0010454230431818,13.906594363657563,0.0,False,0
2026-05-02T17:00:00+00:00,BNBUSDT,untrained,5,42,5,trend_1.5,8598.86449288038,8589.880072831815,1.0010459307897652,13.906594363657563,0.0,False,0
2026-05-02T18:00:00+00:00,BNBUSDT,untrained,5,42,5,trend_1.5,8603.036471189478,8594.052051140912,1.0010454230431818,13.906594363657563,0.0,False,0
2026-05-02T19:00:00+00:00,BNBUSDT,untrained,5,42,5,trend_1.5,8605.81779006221,8596.833370013645,1.0010450848192434,13.906594363657563,0.0,False,0
2026-05-02T20:00:00+00:00,BNBUSDT,untrained,5,42,5,trend_1.5,8602.06300958402,8593.078589535457,1.001045541473286,13.906594363657563,0.0,False,0
2026-05-02T21:00:00+00:00,BNBUSDT,untrained,5,42,5,trend_1.5,0.0,8587.602381273964,0.0,0.0,8605.191993315844,False,0
2026-05-02T22:00:00+00:00,BNBUSDT,untrained,5,42,2,grid_1.5,0.0,8587.602381273964,0.0,0.0,0.0,True,0
2026-05-02T23:00:00+00:00,BNBUSDT,untrained,5,42,2,grid_1.5,0.0,8587.602381273964,0.0,0.0,0.0,True,0
2026-05-03T00:00:00+00:00,BNBUSDT,untrained,5,42,2,grid_1.5,1288.1552529478531,8586.32913667353,0.15002397793557018,2.0854059461678047,1288.1403571910946,True,1
2026-05-03T01:00:00+00:00,BNBUSDT,untrained,5,42,2,grid_1.5,3857.489696850509,8577.188940833124,0.44973822116547907,6.261955288546653,2575.898741002059,True,2
2026-05-03T02:00:00+00:00,BNBUSDT,untrained,5,42,2,grid_1.5,5141.571923517161,8573.406248033683,0.5997116869034853,8.351181515287672,1286.5783411249688,True,1
2026-05-03T03:00:00+00:00,BNBUSDT,untrained,5,42,2,grid_1.5,6433.020282369846,8577.55765874411,0.7499827501377289,10.439486356122563,1286.0109372050526,True,1
2026-05-03T04:00:00+00:00,BNBUSDT,untrained,5,42,2,grid_1.5,7712.480178275824,8569.09727218966,0.9000341498405066,12.52880239493782,1286.6336488116167,True,1
2026-05-03T05:00:00+00:00,BNBUSDT,untrained,5,42,2,grid_1.5,9019.423020284641,8589.390158779199,1.0500655871436817,14.616057658177319,1285.364590828449,True,1
2026-05-03T06:00:00+00:00,BNBUSDT,untrained,5,42,2,grid_1.5,10306.98886864013,8587.25907479399,1.2002652742705793,16.708255849825136,1288.40852381688,True,1
2026-05-03T07:00:00+00:00,BNBUSDT,untrained,5,42,2,grid_1.5,11594.886146780826,8585.779402854367,1.3504756647865974,18.793578427743817,1288.0888612190986,True,1
2026-05-03T08:00:00+00:00,BNBUSDT,untrained,5,42,2,grid_1.5,12893.960987421353,8595.699466156313,1.5000479063034375,20.8785416834065,1287.866910428155,True,1
2026-05-03T09:00:00+00:00,BNBUSDT,untrained,5,42,2,grid_1.5,14207.632986648878,8618.727190540467,1.64846069176462,22.965913918674637,1289.3549199234471,True,1
2026-05-03T10:00:00+00:00,BNBUSDT,untrained,5,42,2,grid_1.5,15477.365523199966,8594.357839431905,1.8008751569765955,25.058878186645888,1292.80907858107,True,1
2026-05-03T11:00:00+00:00,BNBUSDT,untrained,5,42,2,grid_1.5,16798.169615611398,8624.719102252637,1.9476773001481276,27.145924622438873,1289.1536759147857,True,1
2026-05-03T12:00:00+00:00,BNBUSDT,untrained,5,42,5,trend_1.5,8627.20131706577,8602.641762730043,1.0028548851635468,13.936194680665166,25422.026245953806,False,0
2026-05-03T13:00:00+00:00,BNBUSDT,untrained,5,42,5,trend_1.5,8626.504507331738,8601.944952996011,1.0028551164265673,13.936194680665166,0.0,False,0
2026-05-03T14:00:00+00:00,BNBUSDT,untrained,5,42,5,trend_1.5,8640.440702012402,8615.881147676677,1.0028504982734525,13.936194680665166,0.0,False,0
2026-05-03T15:00:00+00:00,BNBUSDT,untrained,5,42,5,trend_1.5,8638.628996703916,8614.06944236819,1.0028510977883378,13.936194680665166,0.0,False,0
2026-05-03T16:00:00+00:00,BNBUSDT,untrained,5,42,5,trend_1.5,8638.768358650723,8614.208804314998,1.0028510516628553,13.936194680665166,0.0,False,0
2026-05-03T17:00:00+00:00,BNBUSDT,untrained,5,42,5,trend_1.5,8637.374739182656,8612.815184846932,1.0028515129848523,13.936194680665166,0.0,False,0
2026-05-03T18:00:00+00:00,BNBUSDT,untrained,5,42,5,trend_1.5,8633.333242725264,8608.77368838954,1.0028528516632802,13.936194680665166,0.0,False,0
2026-05-03T19:00:00+00:00,BNBUSDT,untrained,5,42,5,trend_1.5,8630.12791794871,8605.568363612987,1.0028539142678325,13.936194680665166,0.0,False,0
2026-05-03T20:00:00+00:00,BNBUSDT,untrained,5,42,5,trend_1.5,8634.587500246524,8610.0279459108,1.002852436076864,13.936194680665166,0.0,False,0
2026-05-03T21:00:00+00:00,BNBUSDT,untrained,5,42,5,trend_1.5,8624.832163970057,8600.272609634334,1.0028556716107127,13.936194680665166,0.0,False,0
2026-05-03T22:00:00+00:00,BNBUSDT,untrained,5,42,5,trend_1.5,8651.868381650549,8627.308827314826,1.0028467225211604,13.936194680665166,0.0,False,0
2026-05-03T23:00:00+00:00,BNBUSDT,untrained,5,42,2,grid_1.5,1292.4377381905547,8615.704276702409,0.15000952872598186,2.093796455668597,9945.964705747772,True,1
2026-05-04T00:00:00+00:00,BNBUSDT,untrained,5,42,2,grid_1.5,1292.2492965095446,8615.515835021399,0.1499909374267124,2.093796455668597,0.0,True,0
2026-05-04T01:00:00+00:00,BNBUSDT,untrained,5,42,2,grid_1.5,2603.7813649829095,8633.428200866301,0.30159298304254606,4.1847308223636865,1292.32737525321,True,1
2026-05-04T02:00:00+00:00,BNBUSDT,untrained,5,42,2,grid_1.5,25.22690836262605,8642.312176045649,0.0029189998982620414,0.04037855874676044,2590.0284602598904,True,0
2026-05-04T03:00:00+00:00,BNBUSDT,untrained,5,42,2,grid_1.5,0.0,8642.350510584069,0.0,0.0,25.29053343447988,True,0
2026-05-04T04:00:00+00:00,BNBUSDT,untrained,5,42,2,grid_1.5,0.0,8642.350510584069,0.0,0.0,0.0,True,0
2026-05-04T05:00:00+00:00,BNBUSDT,untrained,5,42,2,grid_1.5,0.0,8642.350510584069,0.0,0.0,0.0,True,0
2026-05-04T06:00:00+00:00,BNBUSDT,untrained,5,42,2,grid_1.5,0.0,8642.350510584069,0.0,0.0,0.0,True,0
2026-05-04T07:00:00+00:00,BNBUSDT,untrained,5,42,6,swing_0.5,2880.2662505873936,8639.240840568615,0.3333934432134457,4.583491805517813,2880.49542517767,False,0
2026-05-04T08:00:00+00:00,BNBUSDT,untrained,5,42,6,swing_0.5,2878.799533209628,8637.77412319085,0.33328025161952035,4.583491805517813,0.0,False,0
2026-05-04T09:00:00+00:00,BNBUSDT,untrained,5,42,5,trend_1.5,8670.876032560584,8660.224100093916,1.0012299834673508,13.751290195163879,11515.709878988157,False,0
2026-05-04T10:00:00+00:00,BNBUSDT,untrained,5,42,5,trend_1.5,8576.954720527616,8566.302788060948,1.0012434690589636,13.751290195163879,0.0,False,0
2026-05-04T11:00:00+00:00,BNBUSDT,untrained,5,42,2,grid_1.5,0.0,8557.72583334042,0.0,0.0,8576.954720527616,True,0
2026-05-04T12:00:00+00:00,BNBUSDT,untrained,5,42,2,grid_1.5,0.0,8557.72583334042,0.0,0.0,0.0,True,0
2026-05-04T13:00:00+00:00,BNBUSDT,untrained,5,42,2,grid_1.5,0.0,8557.72583334042,0.0,0.0,0.0,True,0
2026-05-04T14:00:00+00:00,BNBUSDT,untrained,5,42,2,grid_1.5,0.0,8557.72583334042,0.0,0.0,0.0,True,0
2026-05-04T15:00:00+00:00,BNBUSDT,untrained,5,42,5,trend_1.5,8533.403780196964,8525.702682719542,1.0009032800889281,13.643186372163276,8556.870060757086,False,0
2026-05-04T16:00:00+00:00,BNBUSDT,untrained,5,42,2,grid_1.5,0.0,8517.169278939346,0.0,0.0,8533.403780196964,True,0
2026-05-04T17:00:00+00:00,BNBUSDT,untrained,5,42,5,trend_1.5,8542.172418472881,8534.507817838765,1.000898071780788,13.607819190226655,8516.31756201145,False,0
2026-05-04T18:00:00+00:00,BNBUSDT,untrained,5,42,5,trend_1.5,8515.77324924384,8508.108648609725,1.0009008583400458,13.607819190226655,0.0,False,0
2026-05-04T19:00:00+00:00,BNBUSDT,untrained,5,42,2,grid_1.5,0.0,8499.59287536048,0.0,0.0,8515.77324924384,True,0
2026-05-04T20:00:00+00:00,BNBUSDT,untrained,5,42,2,grid_1.5,0.0,8499.59287536048,0.0,0.0,0.0,True,0
2026-05-04T21:00:00+00:00,BNBUSDT,untrained,5,42,2,grid_1.5,0.0,8499.59287536048,0.0,0.0,0.0,True,0
2026-05-04T22:00:00+00:00,BNBUSDT,untrained,5,42,5,trend_1.5,8488.816860797624,8481.168077169086,1.0009018549755107,13.59733599358902,8498.742916072944,False,0
2026-05-04T23:00:00+00:00,BNBUSDT,untrained,5,42,5,trend_1.5,8466.109309688332,8458.460526059793,1.0009042760919642,13.59733599358902,0.0,False,0
2026-05-05T00:00:00+00:00,BNBUSDT,untrained,5,42,5,trend_1.5,8495.615528794418,8487.96674516588,1.0009011326102206,13.59733599358902,0.0,False,0
2026-05-05T01:00:00+00:00,BNBUSDT,untrained,5,42,5,trend_1.5,8493.575928395381,8485.927144766843,1.000901349198273,13.59733599358902,0.0,False,0
2026-05-05T02:00:00+00:00,BNBUSDT,untrained,5,42,5,trend_1.5,8501.054463191856,8493.405679563319,1.0009005555506365,13.59733599358902,0.0,False,0
2026-05-05T03:00:00+00:00,BNBUSDT,untrained,5,42,5,trend_1.5,8536.543510135121,8528.894726506585,1.0008968083056253,13.59733599358902,0.0,False,0
2026-05-05T04:00:00+00:00,BNBUSDT,untrained,5,42,5,trend_1.5,8514.515825825509,8506.867042196973,1.0008991305013462,13.59733599358902,0.0,False,0
2026-05-05T05:00:00+00:00,BNBUSDT,untrained,5,42,5,trend_1.5,8541.98244453256,8534.333660904022,1.0008962367693188,13.59733599358902,0.0,False,0
2026-05-05T06:00:00+00:00,BNBUSDT,untrained,5,42,5,trend_1.5,8526.073561420058,8518.42477779152,1.0008979105677471,13.59733599358902,0.0,False,0
2026-05-05T07:00:00+00:00,BNBUSDT,untrained,5,42,5,trend_1.5,8532.872229416853,8525.223445788315,1.0008971945048921,13.59733599358902,0.0,False,0
2026-05-05T08:00:00+00:00,BNBUSDT,untrained,5,42,5,trend_1.5,8529.880815498265,8522.232031869728,1.0008975094317938,13.59733599358902,0.0,False,0
2026-05-05T09:00:00+00:00,BNBUSDT,untrained,5,42,5,trend_1.5,8525.39369462038,8517.744910991843,1.0008979822369024,13.59733599358902,0.0,False,0
2026-05-05T10:00:00+00:00,BNBUSDT,untrained,5,42,5,trend_1.5,8543.614124851789,8535.965341223253,1.0008960654504533,13.59733599358902,0.0,False,0
2026-05-05T11:00:00+00:00,BNBUSDT,untrained,5,42,5,trend_1.5,8547.149432210123,8539.500648581587,1.000895694484174,13.59733599358902,0.0,False,0
2026-05-05T12:00:00+00:00,BNBUSDT,untrained,5,42,5,trend_1.5,8565.233889081595,8557.58510545306,1.0008938016431368,13.59733599358902,0.0,False,0
2026-05-05T13:00:00+00:00,BNBUSDT,untrained,5,42,2,grid_1.5,0.0,8549.019871563978,0.0,0.0,8565.233889081595,True,0
2026-05-05T14:00:00+00:00,BNBUSDT,untrained,5,42,2,grid_1.5,0.0,8549.019871563978,0.0,0.0,0.0,True,0
2026-05-05T15:00:00+00:00,BNBUSDT,untrained,5,42,2,grid_1.5,0.0,8549.019871563978,0.0,0.0,0.0,True,0
2026-05-05T16:00:00+00:00,BNBUSDT,untrained,5,42,2,grid_1.5,0.0,8549.019871563978,0.0,0.0,0.0,True,0
2026-05-05T17:00:00+00:00,BNBUSDT,untrained,5,42,2,grid_1.5,0.0,8549.019871563978,0.0,0.0,0.0,True,0
2026-05-05T18:00:00+00:00,BNBUSDT,untrained,5,42,2,grid_1.5,0.0,8549.019871563978,0.0,0.0,0.0,True,0
2026-05-05T19:00:00+00:00,BNBUSDT,untrained,5,42,2,grid_1.5,0.0,8549.019871563978,0.0,0.0,0.0,True,0
2026-05-05T20:00:00+00:00,BNBUSDT,untrained,5,42,2,grid_1.5,0.0,8549.019871563978,0.0,0.0,0.0,True,0
2026-05-05T21:00:00+00:00,BNBUSDT,untrained,5,42,2,grid_1.5,0.0,8549.019871563978,0.0,0.0,0.0,True,0
2026-05-05T22:00:00+00:00,BNBUSDT,untrained,5,42,2,grid_1.5,0.0,8549.019871563978,0.0,0.0,0.0,True,0
2026-05-05T23:00:00+00:00,BNBUSDT,untrained,5,42,2,grid_1.5,0.0,8549.019871563978,0.0,0.0,0.0,True,0
2026-05-06T00:00:00+00:00,BNBUSDT,untrained,5,42,2,grid_1.5,0.0,8549.019871563978,0.0,0.0,0.0,True,0
2026-05-06T01:00:00+00:00,BNBUSDT,untrained,5,42,2,grid_1.5,0.0,8549.019871563978,0.0,0.0,0.0,True,0
2026-05-06T02:00:00+00:00,BNBUSDT,untrained,5,42,2,grid_1.5,0.0,8549.019871563978,0.0,0.0,0.0,True,0
2026-05-06T03:00:00+00:00,BNBUSDT,untrained,5,42,2,grid_1.5,0.0,8549.019871563978,0.0,0.0,0.0,True,0
2026-05-06T04:00:00+00:00,BNBUSDT,untrained,5,42,2,grid_1.5,0.0,8549.019871563978,0.0,0.0,0.0,True,0
2026-05-06T05:00:00+00:00,BNBUSDT,untrained,5,42,2,grid_1.5,0.0,8549.019871563978,0.0,0.0,0.0,True,0
2026-05-06T06:00:00+00:00,BNBUSDT,untrained,5,42,2,grid_1.5,0.0,8549.019871563978,0.0,0.0,0.0,True,0
2026-05-06T07:00:00+00:00,BNBUSDT,untrained,5,42,2,grid_1.5,0.0,8549.019871563978,0.0,0.0,0.0,True,0
2026-05-06T08:00:00+00:00,BNBUSDT,untrained,5,42,2,grid_1.5,0.0,8549.019871563978,0.0,0.0,0.0,True,0
2026-05-06T09:00:00+00:00,BNBUSDT,untrained,5,42,2,grid_1.5,0.0,8549.019871563978,0.0,0.0,0.0,True,0
2026-05-06T10:00:00+00:00,BNBUSDT,untrained,5,42,2,grid_1.5,0.0,8549.019871563978,0.0,0.0,0.0,True,0
2026-05-06T11:00:00+00:00,BNBUSDT,untrained,5,42,6,swing_0.5,0.0,8569.614240491104,0.0,0.0,5725.096111423096,False,0
2026-05-06T12:00:00+00:00,BNBUSDT,untrained,5,42,6,swing_0.5,0.0,8594.02595639702,0.0,0.0,5742.65922784513,False,0
2026-05-06T13:00:00+00:00,BNBUSDT,untrained,5,42,2,grid_1.5,1285.4187033496712,8589.051662393678,0.14965781484092722,1.98547860451595,1289.103893459553,True,1
2026-05-06T14:00:00+00:00,BNBUSDT,untrained,5,42,6,swing_0.5,2862.3771734223233,8584.549767117762,0.333433581384357,4.421820668627011,4148.149622425484,False,0
2026-05-06T15:00:00+00:00,BNBUSDT,untrained,5,42,6,swing_0.5,2867.594921811303,8589.76751550674,0.3338384789384062,4.421820668627011,0.0,False,0
2026-05-06T16:00:00+00:00,BNBUSDT,untrained,5,42,6,swing_0.5,2871.972524273244,8594.145117968681,0.33417780184657453,4.421820668627011,0.0,False,0
2026-05-06T17:00:00+00:00,BNBUSDT,untrained,5,42,6,swing_0.5,2867.9486674647933,8590.121261160231,0.33386591181571185,4.421820668627011,0.0,False,0
2026-05-06T18:00:00+00:00,BNBUSDT,untrained,5,42,6,swing_0.5,2873.166415853773,8595.33900954921,0.3342702844718231,4.421820668627011,0.0,False,0
2026-05-06T19:00:00+00:00,BNBUSDT,untrained,5,42,6,swing_0.5,2876.1732539084396,8598.345847603878,0.33450308988326516,4.421820668627011,0.0,False,0
2026-05-06T20:00:00+00:00,BNBUSDT,untrained,5,42,2,grid_1.5,0.0,8595.46967434997,0.0,0.0,2876.1732539084396,True,0
2026-05-06T21:00:00+00:00,BNBUSDT,untrained,5,42,5,trend_1.5,8606.663535948068,8598.928472788122,1.0008995380278396,13.24550391816933,8594.610127382533,False,0
2026-05-06T22:00:00+00:00,BNBUSDT,untrained,5,42,2,grid_1.5,0.0,8590.321809252175,0.0,0.0,8606.663535948068,True,0
2026-05-06T23:00:00+00:00,BNBUSDT,untrained,5,42,2,grid_1.5,0.0,8590.321809252175,0.0,0.0,0.0,True,0
2026-05-07T00:00:00+00:00,BNBUSDT,untrained,5,42,2,grid_1.5,0.0,8590.321809252175,0.0,0.0,0.0,True,0
2026-05-07T01:00:00+00:00,BNBUSDT,untrained,5,42,2,grid_1.5,1294.5908151636634,8595.075804756623,0.15062005787630406,2.0067753021401984,1288.5482713878264,True,1
2026-05-07T02:00:00+00:00,BNBUSDT,untrained,5,42,2,grid_1.5,2585.160773482973,8595.095130991725,0.3007716301081464,4.014661179760181,1289.2613707134935,True,1
2026-05-07T03:00:00+00:00,BNBUSDT,untrained,5,42,2,grid_1.5,3869.6700616599346,8589.05088525028,0.4505352353081529,6.022551572159953,1289.264269648759,True,1
2026-05-07T04:00:00+00:00,BNBUSDT,untrained,5,42,2,grid_1.5,3879.6072717539982,8598.988095344344,0.4511702108128852,6.022551572159953,0.0,True,0
2026-05-07T05:00:00+00:00,BNBUSDT,untrained,5,42,2,grid_1.5,3897.0726713132626,8616.45349490361,0.45228267913455017,6.022551572159953,0.0,True,0
2026-05-07T06:00:00+00:00,BNBUSDT,untrained,5,42,2,grid_1.5,3903.697478042638,8623.078301632984,0.4527034710218717,6.022551572159953,0.0,True,0
2026-05-07T07:00:00+00:00,BNBUSDT,untrained,5,42,2,grid_1.5,3926.1615954067947,8645.542418997142,0.4541255371993442,6.022551572159953,0.0,True,0
2026-05-07T08:00:00+00:00,BNBUSDT,untrained,5,42,2,grid_1.5,3920.921975539016,8640.302799129362,0.45379451006440497,6.022551572159953,0.0,True,0
2026-05-07T09:00:00+00:00,BNBUSDT,untrained,5,42,2,grid_1.5,3908.093940690315,8627.474764280661,0.4529823670850415,6.022551572159953,0.0,True,0
2026-05-07T10:00:00+00:00,BNBUSDT,untrained,5,42,2,grid_1.5,3900.565751225115,8619.946574815462,0.45250463182930106,6.022551572159953,0.0,True,0
2026-05-07T11:00:00+00:00,BNBUSDT,untrained,5,42,5,trend_1.5,8623.742393830362,8612.08473815646,1.0013536392207396,13.30803906395019,12519.650331383094,False,0
2026-05-07T12:00:00+00:00,BNBUSDT,untrained,5,42,5,trend_1.5,8660.871822818783,8649.21416714488,1.0013478283053951,13.30803906395019,0.0,False,0
2026-05-07T13:00:00+00:00,BNBUSDT,untrained,5,42,1,grid_1,0.0,8640.553295322063,0.0,0.0,8660.871822818783,True,0
2026-05-07T14:00:00+00:00,BNBUSDT,untrained,5,42,5,trend_1.5,8580.249802254106,8572.474168343648,1.0009070466422836,13.357177019870333,8639.68923999253,False,0
2026-05-07T15:00:00+00:00,BNBUSDT,untrained,5,42,5,trend_1.5,8581.318376415697,8573.542742505238,1.0009069335913972,13.357177019870333,0.0,False,0
2026-05-07T16:00:00+00:00,BNBUSDT,untrained,5,42,5,trend_1.5,8567.961199395826,8560.185565485368,1.0009083487561075,13.357177019870333,0.0,False,0
2026-05-07T17:00:00+00:00,BNBUSDT,untrained,5,42,5,trend_1.5,8597.079845299142,8589.304211388684,1.0009052693581568,13.357177019870333,0.0,False,0
2026-05-07T18:00:00+00:00,BNBUSDT,untrained,5,42,5,trend_1.5,8593.33983573358,8585.564201823121,1.000905663708019,13.357177019870333,0.0,False,0
2026-05-07T19:00:00+00:00,BNBUSDT,untrained,5,42,5,trend_1.5,8598.148419460733,8590.372785550275,1.000905156749837,13.357177019870333,0.0,False,0
2026-05-07T20:00:00+00:00,BNBUSDT,untrained,5,42,5,trend_1.5,8594.007694584572,8586.232060674114,1.0009055932632047,13.357177019870333,0.0,False,0
2026-05-07T21:00:00+00:00,BNBUSDT,untrained,5,42,5,trend_1.5,8581.719091726292,8573.943457815834,1.0009068912045798,13.357177019870333,0.0,False,0
2026-05-07T22:00:00+00:00,BNBUSDT,untrained,5,42,5,trend_1.5,0.0,8491.446508094605,0.0,0.0,8507.729871876938,False,0
2026-05-07T23:00:00+00:00,BNBUSDT,untrained,5,42,1,grid_1,0.0,8491.446508094605,0.0,0.0,0.0,True,0
2026-05-08T00:00:00+00:00,BNBUSDT,untrained,5,42,5,trend_1.5,8501.660117849713,8494.01866513708,1.0008996274924609,13.328619766167144,8490.597363443794,False,0
2026-05-08T01:00:00+00:00,BNBUSDT,untrained,5,42,5,trend_1.5,8504.992272791254,8497.350820078622,1.0008992747121346,13.328619766167144,0.0,False,0
2026-05-08T02:00:00+00:00,BNBUSDT,untrained,5,42,5,trend_1.5,8512.856158453294,8505.21470574066,1.0008984432465269,13.328619766167144,0.0,False,0
2026-05-08T03:00:00+00:00,BNBUSDT,untrained,5,42,5,trend_1.5,8522.852623277919,8515.211170565286,1.0008973885156303,13.328619766167144,0.0,False,0
2026-05-08T04:00:00+00:00,BNBUSDT,untrained,5,42,5,trend_1.5,8527.917498789062,8520.27604607643,1.0008968550632995,13.328619766167144,0.0,False,0
2026-05-08T05:00:00+00:00,BNBUSDT,untrained,5,42,5,trend_1.5,8503.659410814638,8496.017958102004,1.0008994157910587,13.328619766167144,0.0,False,0
2026-05-08T06:00:00+00:00,BNBUSDT,untrained,5,42,1,grid_1,0.0,8487.514298691189,0.0,0.0,8503.659410814638,True,0
2026-05-08T07:00:00+00:00,BNBUSDT,untrained,5,42,1,grid_1,0.0,8487.514298691189,0.0,0.0,0.0,True,0
2026-05-08T08:00:00+00:00,BNBUSDT,untrained,5,42,1,grid_1,0.0,8487.514298691189,0.0,0.0,0.0,True,0
2026-05-08T09:00:00+00:00,BNBUSDT,untrained,5,42,1,grid_1,0.0,8487.514298691189,0.0,0.0,0.0,True,0
2026-05-08T10:00:00+00:00,BNBUSDT,untrained,5,42,5,trend_1.5,8502.219603920825,8494.581689803434,1.000899151293884,13.294065520945704,8486.665547261318,False,0
2026-05-08T11:00:00+00:00,BNBUSDT,untrained,5,42,5,trend_1.5,8521.761880236614,8514.123966119225,1.0008970874922403,13.294065520945704,0.0,False,0
2026-05-08T12:00:00+00:00,BNBUSDT,untrained,5,42,5,trend_1.5,8504.479595059387,8496.841680941996,1.0008989121374972,13.294065520945704,0.0,False,0
2026-05-08T13:00:00+00:00,BNBUSDT,untrained,5,42,5,trend_1.5,8494.376105263467,8486.738191146078,1.0008999822953604,13.294065520945704,0.0,False,0
2026-05-08T14:00:00+00:00,BNBUSDT,untrained,5,42,5,trend_1.5,8538.246521482588,8530.608607365199,1.000895353950572,13.294065520945704,0.0,False,0
2026-05-08T15:00:00+00:00,BNBUSDT,untrained,5,42,5,trend_1.5,8560.314670247357,8552.676756129968,1.0008930437025947,13.294065520945704,0.0,False,0
2026-05-08T16:00:00+00:00,BNBUSDT,untrained,5,42,5,trend_1.5,8541.038275241986,8533.400361124597,1.0008950610300889,13.294065520945704,0.0,False,0
2026-05-08T17:00:00+00:00,BNBUSDT,untrained,5,42,5,trend_1.5,8584.642810150688,8577.004896033299,1.0008905106397832,13.294065520945704,0.0,False,0
2026-05-08T18:00:00+00:00,BNBUSDT,untrained,5,42,2,grid_1.5,0.0,8568.420253223148,0.0,0.0,8584.642810150688,True,0
2026-05-08T19:00:00+00:00,BNBUSDT,untrained,5,42,2,grid_1.5,0.0,8568.420253223148,0.0,0.0,0.0,True,0
2026-05-08T20:00:00+00:00,BNBUSDT,untrained,5,42,2,grid_1.5,0.0,8568.420253223148,0.0,0.0,0.0,True,0
2026-05-08T21:00:00+00:00,BNBUSDT,untrained,5,42,2,grid_1.5,0.0,8568.420253223148,0.0,0.0,0.0,True,0
2026-05-08T21:00:00+00:00,BNBUSDT,untrained,5,42,2,grid_1.5,0.0,8568.420253223148,0.0,0.0,0.0,True,0
